26-06-07.10:54:05.767 [main            ] INFO  Application            - Starting Application v1.0-SNAPSHOT using Java 17 on jjnice with PID 37388 (D:\自学\java学习\记录系统\record-me\record-me-app\target\record-me-app.jar started by 24209 in D:\自学\java学习\记录系统\record-me)
26-06-07.10:54:05.775 [main            ] INFO  Application            - The following 1 profile is active: "dev"
26-06-07.10:54:05.776 [main            ] DEBUG SpringApplication      - Loading source class top.daoha.Application
26-06-07.10:54:05.888 [main            ] DEBUG AnnotationConfigServletWebServerApplicationContext - Refreshing org.springframework.boot.web.servlet.context.AnnotationConfigServletWebServerApplicationContext@7b98f307
26-06-07.10:54:06.944 [main            ] DEBUG AutoConfigurationPackages - @EnableAutoConfiguration was declared on a class in the package 'top.daoha'. Automatic @Repository and @Entity scanning is enabled.
26-06-07.10:54:08.175 [main            ] DEBUG TomcatServletWebServerFactory - Code archive: D:\自学\java学习\记录系统\record-me\record-me-app\target\record-me-app.jar
26-06-07.10:54:08.175 [main            ] DEBUG TomcatServletWebServerFactory - Code archive: D:\自学\java学习\记录系统\record-me\record-me-app\target\record-me-app.jar
26-06-07.10:54:08.176 [main            ] DEBUG TomcatServletWebServerFactory - None of the document roots [src/main/webapp, public, static] point to a directory and will be ignored.
26-06-07.10:54:08.217 [main            ] INFO  TomcatWebServer        - Tomcat initialized with port(s): 8088 (http)
26-06-07.10:54:08.243 [main            ] INFO  Http11NioProtocol      - Initializing ProtocolHandler ["http-nio-8088"]
26-06-07.10:54:08.244 [main            ] INFO  StandardService        - Starting service [Tomcat]
26-06-07.10:54:08.244 [main            ] INFO  StandardEngine         - Starting Servlet engine: [Apache Tomcat/9.0.75]
26-06-07.10:54:08.352 [main            ] INFO  [/]                    - Initializing Spring embedded WebApplicationContext
26-06-07.10:54:08.353 [main            ] DEBUG ServletWebServerApplicationContext - Published root WebApplicationContext as ServletContext attribute with name [org.springframework.web.context.WebApplicationContext.ROOT]
26-06-07.10:54:08.354 [main            ] INFO  ServletWebServerApplicationContext - Root WebApplicationContext: initialization completed in 2465 ms
26-06-07.10:54:08.757 [main            ] DEBUG ServletContextInitializerBeans - Mapping filters: filterRegistrationBean urls=[/*] order=-2147483647, characterEncodingFilter urls=[/*] order=-2147483648, formContentFilter urls=[/*] order=-9900, requestContextFilter urls=[/*] order=-105
26-06-07.10:54:08.757 [main            ] DEBUG ServletContextInitializerBeans - Mapping servlets: dispatcherServlet urls=[/]
26-06-07.10:54:08.819 [main            ] DEBUG WebMvcMetricsFilter    - Filter 'webMvcMetricsFilter' configured for use
26-06-07.10:54:08.819 [main            ] DEBUG OrderedRequestContextFilter - Filter 'requestContextFilter' configured for use
26-06-07.10:54:08.819 [main            ] DEBUG OrderedCharacterEncodingFilter - Filter 'characterEncodingFilter' configured for use
26-06-07.10:54:08.819 [main            ] DEBUG OrderedFormContentFilter - Filter 'formContentFilter' configured for use
26-06-07.10:54:09.854 [main            ] DEBUG RequestMappingHandlerAdapter - ControllerAdvice beans: 0 @ModelAttribute, 0 @InitBinder, 1 RequestBodyAdvice, 1 ResponseBodyAdvice
26-06-07.10:54:10.130 [main            ] DEBUG RequestMappingHandlerMapping - 7 mappings in 'requestMappingHandlerMapping'
26-06-07.10:54:10.194 [main            ] DEBUG SimpleUrlHandlerMapping - Patterns [/webjars/**, /**] in 'resourceHandlerMapping'
26-06-07.10:54:10.229 [main            ] DEBUG ExceptionHandlerExceptionResolver - ControllerAdvice beans: 0 @ExceptionHandler, 1 ResponseBodyAdvice
26-06-07.10:54:10.895 [main            ] INFO  EndpointLinksResolver  - Exposing 1 endpoint(s) beneath base path '/actuator'
26-06-07.10:54:10.946 [main            ] INFO  Http11NioProtocol      - Starting ProtocolHandler ["http-nio-8088"]
26-06-07.10:54:11.026 [main            ] INFO  TomcatWebServer        - Tomcat started on port(s): 8088 (http) with context path ''
26-06-07.10:54:11.076 [main            ] DEBUG ConditionEvaluationReportLoggingListener - 


============================
CONDITIONS EVALUATION REPORT
============================


Positive matches:
-----------------

   AopAutoConfiguration matched:
      - @ConditionalOnProperty (spring.aop.auto=true) matched (OnPropertyCondition)

   AopAutoConfiguration.ClassProxyingConfiguration matched:
      - @ConditionalOnMissingClass did not find unwanted class 'org.aspectj.weaver.Advice' (OnClassCondition)
      - @ConditionalOnProperty (spring.aop.proxy-target-class=true) matched (OnPropertyCondition)

   ApplicationAvailabilityAutoConfiguration#applicationAvailability matched:
      - @ConditionalOnMissingBean (types: org.springframework.boot.availability.ApplicationAvailability; SearchStrategy: all) did not find any beans (OnBeanCondition)

   CacheMeterBinderProvidersConfiguration matched:
      - @ConditionalOnClass found required class 'io.micrometer.core.instrument.binder.MeterBinder' (OnClassCondition)

   CompositeMeterRegistryAutoConfiguration matched:
      - @ConditionalOnClass found required class 'io.micrometer.core.instrument.composite.CompositeMeterRegistry' (OnClassCondition)

   DataSourceAutoConfiguration matched:
      - @ConditionalOnClass found required classes 'javax.sql.DataSource', 'org.springframework.jdbc.datasource.embedded.EmbeddedDatabaseType' (OnClassCondition)
      - @ConditionalOnMissingBean (types: io.r2dbc.spi.ConnectionFactory; SearchStrategy: all) did not find any beans (OnBeanCondition)

   DataSourceAutoConfiguration.PooledDataSourceConfiguration matched:
      - AnyNestedCondition 1 matched 1 did not; NestedCondition on DataSourceAutoConfiguration.PooledDataSourceCondition.PooledDataSourceAvailable PooledDataSource found supported DataSource; NestedCondition on DataSourceAutoConfiguration.PooledDataSourceCondition.ExplicitType @ConditionalOnProperty (spring.datasource.type) did not find property 'type' (DataSourceAutoConfiguration.PooledDataSourceCondition)
      - @ConditionalOnMissingBean (types: javax.sql.DataSource,javax.sql.XADataSource; SearchStrategy: all) did not find any beans (OnBeanCondition)

   DataSourceConfiguration.Hikari matched:
      - @ConditionalOnClass found required class 'com.zaxxer.hikari.HikariDataSource' (OnClassCondition)
      - @ConditionalOnProperty (spring.datasource.type=com.zaxxer.hikari.HikariDataSource) matched (OnPropertyCondition)
      - @ConditionalOnMissingBean (types: javax.sql.DataSource; SearchStrategy: all) did not find any beans (OnBeanCondition)

   DataSourceHealthContributorAutoConfiguration matched:
      - @ConditionalOnClass found required classes 'org.springframework.jdbc.core.JdbcTemplate', 'org.springframework.jdbc.datasource.lookup.AbstractRoutingDataSource' (OnClassCondition)
      - @ConditionalOnEnabledHealthIndicator management.health.defaults.enabled is considered true (OnEnabledHealthIndicatorCondition)
      - @ConditionalOnBean (types: javax.sql.DataSource; SearchStrategy: all) found bean 'dataSource' (OnBeanCondition)

   DataSourceHealthContributorAutoConfiguration#dbHealthContributor matched:
      - @ConditionalOnMissingBean (names: dbHealthIndicator,dbHealthContributor; SearchStrategy: all) did not find any beans (OnBeanCondition)

   DataSourceInitializationConfiguration matched:
      - @ConditionalOnClass found required class 'org.springframework.jdbc.datasource.init.DatabasePopulator' (OnClassCondition)
      - @ConditionalOnSingleCandidate (types: javax.sql.DataSource; SearchStrategy: all) found a single bean 'dataSource'; @ConditionalOnMissingBean (types: org.springframework.boot.autoconfigure.sql.init.SqlDataSourceScriptDatabaseInitializer,org.springframework.boot.autoconfigure.sql.init.SqlR2dbcScriptDatabaseInitializer; SearchStrategy: all) did not find any beans (OnBeanCondition)

   DataSourceJmxConfiguration matched:
      - @ConditionalOnProperty (spring.jmx.enabled=true) matched (OnPropertyCondition)

   DataSourceJmxConfiguration.Hikari matched:
      - @ConditionalOnClass found required class 'com.zaxxer.hikari.HikariDataSource' (OnClassCondition)
      - @ConditionalOnSingleCandidate (types: javax.sql.DataSource; SearchStrategy: all) found a single bean 'dataSource' (OnBeanCondition)

   DataSourcePoolMetadataProvidersConfiguration.HikariPoolDataSourceMetadataProviderConfiguration matched:
      - @ConditionalOnClass found required class 'com.zaxxer.hikari.HikariDataSource' (OnClassCondition)

   DataSourcePoolMetricsAutoConfiguration matched:
      - @ConditionalOnClass found required classes 'javax.sql.DataSource', 'io.micrometer.core.instrument.MeterRegistry' (OnClassCondition)
      - @ConditionalOnBean (types: javax.sql.DataSource,io.micrometer.core.instrument.MeterRegistry; SearchStrategy: all) found beans 'simpleMeterRegistry', 'dataSource' (OnBeanCondition)

   DataSourcePoolMetricsAutoConfiguration.DataSourcePoolMetadataMetricsConfiguration matched:
      - @ConditionalOnBean (types: org.springframework.boot.jdbc.metadata.DataSourcePoolMetadataProvider; SearchStrategy: all) found bean 'hikariPoolDataSourceMetadataProvider' (OnBeanCondition)

   DataSourcePoolMetricsAutoConfiguration.HikariDataSourceMetricsConfiguration matched:
      - @ConditionalOnClass found required class 'com.zaxxer.hikari.HikariDataSource' (OnClassCondition)

   DataSourceTransactionManagerAutoConfiguration matched:
      - @ConditionalOnClass found required classes 'org.springframework.jdbc.core.JdbcTemplate', 'org.springframework.transaction.TransactionManager' (OnClassCondition)

   DataSourceTransactionManagerAutoConfiguration.JdbcTransactionManagerConfiguration matched:
      - @ConditionalOnSingleCandidate (types: javax.sql.DataSource; SearchStrategy: all) found a single bean 'dataSource' (OnBeanCondition)

   DataSourceTransactionManagerAutoConfiguration.JdbcTransactionManagerConfiguration#transactionManager matched:
      - @ConditionalOnMissingBean (types: org.springframework.transaction.TransactionManager; SearchStrategy: all) did not find any beans (OnBeanCondition)

   DiskSpaceHealthContributorAutoConfiguration matched:
      - @ConditionalOnEnabledHealthIndicator management.health.defaults.enabled is considered true (OnEnabledHealthIndicatorCondition)

   DiskSpaceHealthContributorAutoConfiguration#diskSpaceHealthIndicator matched:
      - @ConditionalOnMissingBean (names: diskSpaceHealthIndicator; SearchStrategy: all) did not find any beans (OnBeanCondition)

   DispatcherServletAutoConfiguration matched:
      - @ConditionalOnClass found required class 'org.springframework.web.servlet.DispatcherServlet' (OnClassCondition)
      - found 'session' scope (OnWebApplicationCondition)

   DispatcherServletAutoConfiguration.DispatcherServletConfiguration matched:
      - @ConditionalOnClass found required class 'javax.servlet.ServletRegistration' (OnClassCondition)
      - Default DispatcherServlet did not find dispatcher servlet beans (DispatcherServletAutoConfiguration.DefaultDispatcherServletCondition)

   DispatcherServletAutoConfiguration.DispatcherServletRegistrationConfiguration matched:
      - @ConditionalOnClass found required class 'javax.servlet.ServletRegistration' (OnClassCondition)
      - DispatcherServlet Registration did not find servlet registration bean (DispatcherServletAutoConfiguration.DispatcherServletRegistrationCondition)

   DispatcherServletAutoConfiguration.DispatcherServletRegistrationConfiguration#dispatcherServletRegistration matched:
      - @ConditionalOnBean (names: dispatcherServlet types: org.springframework.web.servlet.DispatcherServlet; SearchStrategy: all) found bean 'dispatcherServlet' (OnBeanCondition)

   EmbeddedWebServerFactoryCustomizerAutoConfiguration matched:
      - @ConditionalOnWebApplication (required) found 'session' scope (OnWebApplicationCondition)
      - @ConditionalOnWarDeployment the application is not deployed as a WAR file. (OnWarDeploymentCondition)

   EmbeddedWebServerFactoryCustomizerAutoConfiguration.TomcatWebServerFactoryCustomizerConfiguration matched:
      - @ConditionalOnClass found required classes 'org.apache.catalina.startup.Tomcat', 'org.apache.coyote.UpgradeProtocol' (OnClassCondition)

   EndpointAutoConfiguration#endpointCachingOperationInvokerAdvisor matched:
      - @ConditionalOnMissingBean (types: org.springframework.boot.actuate.endpoint.invoker.cache.CachingOperationInvokerAdvisor; SearchStrategy: all) did not find any beans (OnBeanCondition)

   EndpointAutoConfiguration#endpointOperationParameterMapper matched:
      - @ConditionalOnMissingBean (types: org.springframework.boot.actuate.endpoint.invoke.ParameterValueMapper; SearchStrategy: all) did not find any beans (OnBeanCondition)

   ErrorMvcAutoConfiguration matched:
      - @ConditionalOnClass found required classes 'javax.servlet.Servlet', 'org.springframework.web.servlet.DispatcherServlet' (OnClassCondition)
      - found 'session' scope (OnWebApplicationCondition)

   ErrorMvcAutoConfiguration#basicErrorController matched:
      - @ConditionalOnMissingBean (types: org.springframework.boot.web.servlet.error.ErrorController; SearchStrategy: current) did not find any beans (OnBeanCondition)

   ErrorMvcAutoConfiguration#errorAttributes matched:
      - @ConditionalOnMissingBean (types: org.springframework.boot.web.servlet.error.ErrorAttributes; SearchStrategy: current) did not find any beans (OnBeanCondition)

   ErrorMvcAutoConfiguration.DefaultErrorViewResolverConfiguration#conventionErrorViewResolver matched:
      - @ConditionalOnBean (types: org.springframework.web.servlet.DispatcherServlet; SearchStrategy: all) found bean 'dispatcherServlet'; @ConditionalOnMissingBean (types: org.springframework.boot.autoconfigure.web.servlet.error.ErrorViewResolver; SearchStrategy: all) did not find any beans (OnBeanCondition)

   ErrorMvcAutoConfiguration.WhitelabelErrorViewConfiguration matched:
      - @ConditionalOnProperty (server.error.whitelabel.enabled) matched (OnPropertyCondition)
      - ErrorTemplate Missing did not find error template view (ErrorMvcAutoConfiguration.ErrorTemplateMissingCondition)

   ErrorMvcAutoConfiguration.WhitelabelErrorViewConfiguration#beanNameViewResolver matched:
      - @ConditionalOnMissingBean (types: org.springframework.web.servlet.view.BeanNameViewResolver; SearchStrategy: all) did not find any beans (OnBeanCondition)

   ErrorMvcAutoConfiguration.WhitelabelErrorViewConfiguration#defaultErrorView matched:
      - @ConditionalOnMissingBean (names: error; SearchStrategy: all) did not find any beans (OnBeanCondition)

   GenericCacheConfiguration matched:
      - Cache org.springframework.boot.autoconfigure.cache.GenericCacheConfiguration automatic cache type (CacheCondition)

   GsonAutoConfiguration matched:
      - @ConditionalOnClass found required class 'com.google.gson.Gson' (OnClassCondition)

   GsonAutoConfiguration#gson matched:
      - @ConditionalOnMissingBean (types: com.google.gson.Gson; SearchStrategy: all) did not find any beans (OnBeanCondition)

   GsonAutoConfiguration#gsonBuilder matched:
      - @ConditionalOnMissingBean (types: com.google.gson.GsonBuilder; SearchStrategy: all) did not find any beans (OnBeanCondition)

   GsonHttpMessageConvertersConfiguration matched:
      - @ConditionalOnClass found required class 'com.google.gson.Gson' (OnClassCondition)

   HealthContributorAutoConfiguration#pingHealthContributor matched:
      - @ConditionalOnEnabledHealthIndicator management.health.defaults.enabled is considered true (OnEnabledHealthIndicatorCondition)

   HealthEndpointAutoConfiguration matched:
      - @ConditionalOnAvailableEndpoint marked as exposed by a 'management.endpoints.web.exposure' property (OnAvailableEndpointCondition)

   HealthEndpointConfiguration#healthContributorRegistry matched:
      - @ConditionalOnMissingBean (types: org.springframework.boot.actuate.health.HealthContributorRegistry; SearchStrategy: all) did not find any beans (OnBeanCondition)

   HealthEndpointConfiguration#healthEndpoint matched:
      - @ConditionalOnMissingBean (types: org.springframework.boot.actuate.health.HealthEndpoint; SearchStrategy: all) did not find any beans (OnBeanCondition)

   HealthEndpointConfiguration#healthEndpointGroups matched:
      - @ConditionalOnMissingBean (types: org.springframework.boot.actuate.health.HealthEndpointGroups; SearchStrategy: all) did not find any beans (OnBeanCondition)

   HealthEndpointConfiguration#healthHttpCodeStatusMapper matched:
      - @ConditionalOnMissingBean (types: org.springframework.boot.actuate.health.HttpCodeStatusMapper; SearchStrategy: all) did not find any beans (OnBeanCondition)

   HealthEndpointConfiguration#healthStatusAggregator matched:
      - @ConditionalOnMissingBean (types: org.springframework.boot.actuate.health.StatusAggregator; SearchStrategy: all) did not find any beans (OnBeanCondition)

   HealthEndpointWebExtensionConfiguration matched:
      - found 'session' scope (OnWebApplicationCondition)
      - @ConditionalOnAvailableEndpoint marked as exposed by a 'management.endpoints.web.exposure' property (OnAvailableEndpointCondition)
      - @ConditionalOnBean (types: org.springframework.boot.actuate.health.HealthEndpoint; SearchStrategy: all) found bean 'healthEndpoint' (OnBeanCondition)

   HealthEndpointWebExtensionConfiguration#healthEndpointWebExtension matched:
      - @ConditionalOnMissingBean (types: org.springframework.boot.actuate.health.HealthEndpointWebExtension; SearchStrategy: all) did not find any beans (OnBeanCondition)

   HealthEndpointWebExtensionConfiguration.MvcAdditionalHealthEndpointPathsConfiguration matched:
      - @ConditionalOnAvailableEndpoint marked as exposed by a 'management.endpoints.web.exposure' property (OnAvailableEndpointCondition)
      - @ConditionalOnBean (types: org.springframework.web.servlet.DispatcherServlet; SearchStrategy: all) found bean 'dispatcherServlet' (OnBeanCondition)

   HttpClientMetricsAutoConfiguration matched:
      - @ConditionalOnClass found required class 'io.micrometer.core.instrument.MeterRegistry' (OnClassCondition)
      - @ConditionalOnBean (types: io.micrometer.core.instrument.MeterRegistry; SearchStrategy: all) found bean 'simpleMeterRegistry' (OnBeanCondition)

   HttpEncodingAutoConfiguration matched:
      - @ConditionalOnClass found required class 'org.springframework.web.filter.CharacterEncodingFilter' (OnClassCondition)
      - found 'session' scope (OnWebApplicationCondition)
      - @ConditionalOnProperty (server.servlet.encoding.enabled) matched (OnPropertyCondition)

   HttpEncodingAutoConfiguration#characterEncodingFilter matched:
      - @ConditionalOnMissingBean (types: org.springframework.web.filter.CharacterEncodingFilter; SearchStrategy: all) did not find any beans (OnBeanCondition)

   HttpMessageConvertersAutoConfiguration matched:
      - @ConditionalOnClass found required class 'org.springframework.http.converter.HttpMessageConverter' (OnClassCondition)
      - NoneNestedConditions 0 matched 1 did not; NestedCondition on HttpMessageConvertersAutoConfiguration.NotReactiveWebApplicationCondition.ReactiveWebApplication did not find reactive web application classes (HttpMessageConvertersAutoConfiguration.NotReactiveWebApplicationCondition)

   HttpMessageConvertersAutoConfiguration#messageConverters matched:
      - @ConditionalOnMissingBean (types: org.springframework.boot.autoconfigure.http.HttpMessageConverters; SearchStrategy: all) did not find any beans (OnBeanCondition)

   HttpMessageConvertersAutoConfiguration.StringHttpMessageConverterConfiguration matched:
      - @ConditionalOnClass found required class 'org.springframework.http.converter.StringHttpMessageConverter' (OnClassCondition)

   HttpMessageConvertersAutoConfiguration.StringHttpMessageConverterConfiguration#stringHttpMessageConverter matched:
      - @ConditionalOnMissingBean (types: org.springframework.http.converter.StringHttpMessageConverter; SearchStrategy: all) did not find any beans (OnBeanCondition)

   JacksonAutoConfiguration matched:
      - @ConditionalOnClass found required class 'com.fasterxml.jackson.databind.ObjectMapper' (OnClassCondition)

   JacksonAutoConfiguration.Jackson2ObjectMapperBuilderCustomizerConfiguration matched:
      - @ConditionalOnClass found required class 'org.springframework.http.converter.json.Jackson2ObjectMapperBuilder' (OnClassCondition)

   JacksonAutoConfiguration.JacksonObjectMapperBuilderConfiguration matched:
      - @ConditionalOnClass found required class 'org.springframework.http.converter.json.Jackson2ObjectMapperBuilder' (OnClassCondition)

   JacksonAutoConfiguration.JacksonObjectMapperBuilderConfiguration#jacksonObjectMapperBuilder matched:
      - @ConditionalOnMissingBean (types: org.springframework.http.converter.json.Jackson2ObjectMapperBuilder; SearchStrategy: all) did not find any beans (OnBeanCondition)

   JacksonAutoConfiguration.JacksonObjectMapperConfiguration matched:
      - @ConditionalOnClass found required class 'org.springframework.http.converter.json.Jackson2ObjectMapperBuilder' (OnClassCondition)

   JacksonAutoConfiguration.JacksonObjectMapperConfiguration#jacksonObjectMapper matched:
      - @ConditionalOnMissingBean (types: com.fasterxml.jackson.databind.ObjectMapper; SearchStrategy: all) did not find any beans (OnBeanCondition)

   JacksonAutoConfiguration.ParameterNamesModuleConfiguration matched:
      - @ConditionalOnClass found required class 'com.fasterxml.jackson.module.paramnames.ParameterNamesModule' (OnClassCondition)

   JacksonAutoConfiguration.ParameterNamesModuleConfiguration#parameterNamesModule matched:
      - @ConditionalOnMissingBean (types: com.fasterxml.jackson.module.paramnames.ParameterNamesModule; SearchStrategy: all) did not find any beans (OnBeanCondition)

   JacksonHttpMessageConvertersConfiguration.MappingJackson2HttpMessageConverterConfiguration matched:
      - @ConditionalOnClass found required class 'com.fasterxml.jackson.databind.ObjectMapper' (OnClassCondition)
      - @ConditionalOnProperty (spring.mvc.converters.preferred-json-mapper=jackson) matched (OnPropertyCondition)
      - @ConditionalOnBean (types: com.fasterxml.jackson.databind.ObjectMapper; SearchStrategy: all) found bean 'jacksonObjectMapper' (OnBeanCondition)

   JacksonHttpMessageConvertersConfiguration.MappingJackson2HttpMessageConverterConfiguration#mappingJackson2HttpMessageConverter matched:
      - @ConditionalOnMissingBean (types: org.springframework.http.converter.json.MappingJackson2HttpMessageConverter ignored: org.springframework.hateoas.server.mvc.TypeConstrainedMappingJackson2HttpMessageConverter,org.springframework.data.rest.webmvc.alps.AlpsJsonHttpMessageConverter; SearchStrategy: all) did not find any beans (OnBeanCondition)

   JdbcTemplateAutoConfiguration matched:
      - @ConditionalOnClass found required classes 'javax.sql.DataSource', 'org.springframework.jdbc.core.JdbcTemplate' (OnClassCondition)
      - @ConditionalOnSingleCandidate (types: javax.sql.DataSource; SearchStrategy: all) found a single bean 'dataSource' (OnBeanCondition)

   JdbcTemplateConfiguration matched:
      - @ConditionalOnMissingBean (types: org.springframework.jdbc.core.JdbcOperations; SearchStrategy: all) did not find any beans (OnBeanCondition)

   JvmMetricsAutoConfiguration matched:
      - @ConditionalOnClass found required class 'io.micrometer.core.instrument.MeterRegistry' (OnClassCondition)
      - @ConditionalOnBean (types: io.micrometer.core.instrument.MeterRegistry; SearchStrategy: all) found bean 'simpleMeterRegistry' (OnBeanCondition)

   JvmMetricsAutoConfiguration#classLoaderMetrics matched:
      - @ConditionalOnMissingBean (types: io.micrometer.core.instrument.binder.jvm.ClassLoaderMetrics; SearchStrategy: all) did not find any beans (OnBeanCondition)

   JvmMetricsAutoConfiguration#jvmGcMetrics matched:
      - @ConditionalOnMissingBean (types: io.micrometer.core.instrument.binder.jvm.JvmGcMetrics; SearchStrategy: all) did not find any beans (OnBeanCondition)

   JvmMetricsAutoConfiguration#jvmHeapPressureMetrics matched:
      - @ConditionalOnMissingBean (types: io.micrometer.core.instrument.binder.jvm.JvmHeapPressureMetrics; SearchStrategy: all) did not find any beans (OnBeanCondition)

   JvmMetricsAutoConfiguration#jvmMemoryMetrics matched:
      - @ConditionalOnMissingBean (types: io.micrometer.core.instrument.binder.jvm.JvmMemoryMetrics; SearchStrategy: all) did not find any beans (OnBeanCondition)

   JvmMetricsAutoConfiguration#jvmThreadMetrics matched:
      - @ConditionalOnMissingBean (types: io.micrometer.core.instrument.binder.jvm.JvmThreadMetrics; SearchStrategy: all) did not find any beans (OnBeanCondition)

   LifecycleAutoConfiguration#defaultLifecycleProcessor matched:
      - @ConditionalOnMissingBean (names: lifecycleProcessor; SearchStrategy: current) did not find any beans (OnBeanCondition)

   LogbackMetricsAutoConfiguration matched:
      - @ConditionalOnClass found required classes 'io.micrometer.core.instrument.MeterRegistry', 'ch.qos.logback.classic.LoggerContext', 'org.slf4j.LoggerFactory' (OnClassCondition)
      - LogbackLoggingCondition ILoggerFactory is a Logback LoggerContext (LogbackMetricsAutoConfiguration.LogbackLoggingCondition)
      - @ConditionalOnBean (types: io.micrometer.core.instrument.MeterRegistry; SearchStrategy: all) found bean 'simpleMeterRegistry' (OnBeanCondition)

   LogbackMetricsAutoConfiguration#logbackMetrics matched:
      - @ConditionalOnMissingBean (types: io.micrometer.core.instrument.binder.logging.LogbackMetrics; SearchStrategy: all) did not find any beans (OnBeanCondition)

   ManagementContextAutoConfiguration.SameManagementContextConfiguration matched:
      - Management Port actual port type (SAME) matched required type (OnManagementPortCondition)

   MetricsAutoConfiguration matched:
      - @ConditionalOnClass found required class 'io.micrometer.core.annotation.Timed' (OnClassCondition)

   MetricsAutoConfiguration#micrometerClock matched:
      - @ConditionalOnMissingBean (types: io.micrometer.core.instrument.Clock; SearchStrategy: all) did not find any beans (OnBeanCondition)

   MultipartAutoConfiguration matched:
      - @ConditionalOnClass found required classes 'javax.servlet.Servlet', 'org.springframework.web.multipart.support.StandardServletMultipartResolver', 'javax.servlet.MultipartConfigElement' (OnClassCondition)
      - found 'session' scope (OnWebApplicationCondition)
      - @ConditionalOnProperty (spring.servlet.multipart.enabled) matched (OnPropertyCondition)

   MultipartAutoConfiguration#multipartConfigElement matched:
      - @ConditionalOnMissingBean (types: javax.servlet.MultipartConfigElement,org.springframework.web.multipart.commons.CommonsMultipartResolver; SearchStrategy: all) did not find any beans (OnBeanCondition)

   MultipartAutoConfiguration#multipartResolver matched:
      - @ConditionalOnMissingBean (types: org.springframework.web.multipart.MultipartResolver; SearchStrategy: all) did not find any beans (OnBeanCondition)

   MybatisAutoConfiguration matched:
      - @ConditionalOnClass found required classes 'org.apache.ibatis.session.SqlSessionFactory', 'org.mybatis.spring.SqlSessionFactoryBean' (OnClassCondition)
      - @ConditionalOnSingleCandidate (types: javax.sql.DataSource; SearchStrategy: all) found a single bean 'dataSource' (OnBeanCondition)

   MybatisAutoConfiguration#sqlSessionFactory matched:
      - @ConditionalOnMissingBean (types: org.apache.ibatis.session.SqlSessionFactory; SearchStrategy: all) did not find any beans (OnBeanCondition)

   MybatisAutoConfiguration#sqlSessionTemplate matched:
      - @ConditionalOnMissingBean (types: org.mybatis.spring.SqlSessionTemplate; SearchStrategy: all) did not find any beans (OnBeanCondition)

   MybatisAutoConfiguration.MapperScannerRegistrarNotFoundConfiguration matched:
      - @ConditionalOnMissingBean (types: org.mybatis.spring.mapper.MapperFactoryBean,org.mybatis.spring.mapper.MapperScannerConfigurer; SearchStrategy: all) did not find any beans (OnBeanCondition)

   MybatisLanguageDriverAutoConfiguration matched:
      - @ConditionalOnClass found required class 'org.apache.ibatis.scripting.LanguageDriver' (OnClassCondition)

   NamedParameterJdbcTemplateConfiguration matched:
      - @ConditionalOnSingleCandidate (types: org.springframework.jdbc.core.JdbcTemplate; SearchStrategy: all) found a single bean 'jdbcTemplate'; @ConditionalOnMissingBean (types: org.springframework.jdbc.core.namedparam.NamedParameterJdbcOperations; SearchStrategy: all) did not find any beans (OnBeanCondition)

   NoOpCacheConfiguration matched:
      - Cache org.springframework.boot.autoconfigure.cache.NoOpCacheConfiguration automatic cache type (CacheCondition)

   PersistenceExceptionTranslationAutoConfiguration matched:
      - @ConditionalOnClass found required class 'org.springframework.dao.annotation.PersistenceExceptionTranslationPostProcessor' (OnClassCondition)

   PersistenceExceptionTranslationAutoConfiguration#persistenceExceptionTranslationPostProcessor matched:
      - @ConditionalOnProperty (spring.dao.exceptiontranslation.enabled) matched (OnPropertyCondition)
      - @ConditionalOnMissingBean (types: org.springframework.dao.annotation.PersistenceExceptionTranslationPostProcessor; SearchStrategy: all) did not find any beans (OnBeanCondition)

   PropertyPlaceholderAutoConfiguration#propertySourcesPlaceholderConfigurer matched:
      - @ConditionalOnMissingBean (types: org.springframework.context.support.PropertySourcesPlaceholderConfigurer; SearchStrategy: current) did not find any beans (OnBeanCondition)

   RestTemplateAutoConfiguration matched:
      - @ConditionalOnClass found required class 'org.springframework.web.client.RestTemplate' (OnClassCondition)
      - NoneNestedConditions 0 matched 1 did not; NestedCondition on RestTemplateAutoConfiguration.NotReactiveWebApplicationCondition.ReactiveWebApplication did not find reactive web application classes (RestTemplateAutoConfiguration.NotReactiveWebApplicationCondition)

   RestTemplateAutoConfiguration#restTemplateBuilder matched:
      - @ConditionalOnMissingBean (types: org.springframework.boot.web.client.RestTemplateBuilder; SearchStrategy: all) did not find any beans (OnBeanCondition)

   RestTemplateAutoConfiguration#restTemplateBuilderConfigurer matched:
      - @ConditionalOnMissingBean (types: org.springframework.boot.autoconfigure.web.client.RestTemplateBuilderConfigurer; SearchStrategy: all) did not find any beans (OnBeanCondition)

   RestTemplateMetricsConfiguration matched:
      - @ConditionalOnClass found required class 'org.springframework.web.client.RestTemplate' (OnClassCondition)
      - @ConditionalOnBean (types: org.springframework.boot.web.client.RestTemplateBuilder; SearchStrategy: all) found bean 'restTemplateBuilder' (OnBeanCondition)

   RestTemplateMetricsConfiguration#restTemplateExchangeTagsProvider matched:
      - @ConditionalOnMissingBean (types: org.springframework.boot.actuate.metrics.web.client.RestTemplateExchangeTagsProvider; SearchStrategy: all) did not find any beans (OnBeanCondition)

   ServletEndpointManagementContextConfiguration matched:
      - found 'session' scope (OnWebApplicationCondition)

   ServletEndpointManagementContextConfiguration.WebMvcServletEndpointManagementContextConfiguration matched:
      - @ConditionalOnClass found required class 'org.springframework.web.servlet.DispatcherServlet' (OnClassCondition)

   ServletManagementContextAutoConfiguration matched:
      - @ConditionalOnClass found required class 'javax.servlet.Servlet' (OnClassCondition)
      - found 'session' scope (OnWebApplicationCondition)

   ServletWebServerFactoryAutoConfiguration matched:
      - @ConditionalOnClass found required class 'javax.servlet.ServletRequest' (OnClassCondition)
      - found 'session' scope (OnWebApplicationCondition)

   ServletWebServerFactoryAutoConfiguration#tomcatServletWebServerFactoryCustomizer matched:
      - @ConditionalOnClass found required class 'org.apache.catalina.startup.Tomcat' (OnClassCondition)

   ServletWebServerFactoryConfiguration.EmbeddedTomcat matched:
      - @ConditionalOnClass found required classes 'javax.servlet.Servlet', 'org.apache.catalina.startup.Tomcat', 'org.apache.coyote.UpgradeProtocol' (OnClassCondition)
      - @ConditionalOnMissingBean (types: org.springframework.boot.web.servlet.server.ServletWebServerFactory; SearchStrategy: current) did not find any beans (OnBeanCondition)

   SimpleCacheConfiguration matched:
      - Cache org.springframework.boot.autoconfigure.cache.SimpleCacheConfiguration automatic cache type (CacheCondition)

   SimpleMetricsExportAutoConfiguration matched:
      - @ConditionalOnEnabledMetricsExport management.metrics.export.defaults.enabled is considered true (OnMetricsExportEnabledCondition)
      - @ConditionalOnBean (types: io.micrometer.core.instrument.Clock; SearchStrategy: all) found bean 'micrometerClock'; @ConditionalOnMissingBean (types: io.micrometer.core.instrument.MeterRegistry; SearchStrategy: all) did not find any beans (OnBeanCondition)

   SimpleMetricsExportAutoConfiguration#simpleConfig matched:
      - @ConditionalOnMissingBean (types: io.micrometer.core.instrument.simple.SimpleConfig; SearchStrategy: all) did not find any beans (OnBeanCondition)

   SqlInitializationAutoConfiguration matched:
      - @ConditionalOnProperty (spring.sql.init.enabled) matched (OnPropertyCondition)
      - NoneNestedConditions 0 matched 1 did not; NestedCondition on SqlInitializationAutoConfiguration.SqlInitializationModeCondition.ModeIsNever @ConditionalOnProperty (spring.sql.init.mode=never) did not find property 'mode' (SqlInitializationAutoConfiguration.SqlInitializationModeCondition)

   StartupTimeMetricsListenerAutoConfiguration matched:
      - @ConditionalOnClass found required class 'io.micrometer.core.instrument.MeterRegistry' (OnClassCondition)
      - @ConditionalOnBean (types: io.micrometer.core.instrument.MeterRegistry; SearchStrategy: all) found bean 'simpleMeterRegistry' (OnBeanCondition)

   StartupTimeMetricsListenerAutoConfiguration#startupTimeMetrics matched:
      - @ConditionalOnMissingBean (types: org.springframework.boot.actuate.metrics.startup.StartupTimeMetricsListener; SearchStrategy: all) did not find any beans (OnBeanCondition)

   SystemMetricsAutoConfiguration matched:
      - @ConditionalOnClass found required class 'io.micrometer.core.instrument.MeterRegistry' (OnClassCondition)
      - @ConditionalOnBean (types: io.micrometer.core.instrument.MeterRegistry; SearchStrategy: all) found bean 'simpleMeterRegistry' (OnBeanCondition)

   SystemMetricsAutoConfiguration#diskSpaceMetrics matched:
      - @ConditionalOnMissingBean (types: org.springframework.boot.actuate.metrics.system.DiskSpaceMetricsBinder; SearchStrategy: all) did not find any beans (OnBeanCondition)

   SystemMetricsAutoConfiguration#fileDescriptorMetrics matched:
      - @ConditionalOnMissingBean (types: io.micrometer.core.instrument.binder.system.FileDescriptorMetrics; SearchStrategy: all) did not find any beans (OnBeanCondition)

   SystemMetricsAutoConfiguration#processorMetrics matched:
      - @ConditionalOnMissingBean (types: io.micrometer.core.instrument.binder.system.ProcessorMetrics; SearchStrategy: all) did not find any beans (OnBeanCondition)

   SystemMetricsAutoConfiguration#uptimeMetrics matched:
      - @ConditionalOnMissingBean (types: io.micrometer.core.instrument.binder.system.UptimeMetrics; SearchStrategy: all) did not find any beans (OnBeanCondition)

   TaskExecutionAutoConfiguration matched:
      - @ConditionalOnClass found required class 'org.springframework.scheduling.concurrent.ThreadPoolTaskExecutor' (OnClassCondition)

   TaskExecutionAutoConfiguration#taskExecutorBuilder matched:
      - @ConditionalOnMissingBean (types: org.springframework.boot.task.TaskExecutorBuilder; SearchStrategy: all) did not find any beans (OnBeanCondition)

   TaskExecutorMetricsAutoConfiguration matched:
      - @ConditionalOnClass found required class 'io.micrometer.core.instrument.binder.jvm.ExecutorServiceMetrics' (OnClassCondition)
      - @ConditionalOnBean (types: java.util.concurrent.Executor,io.micrometer.core.instrument.MeterRegistry; SearchStrategy: all) found beans 'threadPoolExecutor', 'simpleMeterRegistry' (OnBeanCondition)

   TaskSchedulingAutoConfiguration matched:
      - @ConditionalOnClass found required class 'org.springframework.scheduling.concurrent.ThreadPoolTaskScheduler' (OnClassCondition)

   TaskSchedulingAutoConfiguration#taskSchedulerBuilder matched:
      - @ConditionalOnMissingBean (types: org.springframework.boot.task.TaskSchedulerBuilder; SearchStrategy: all) did not find any beans (OnBeanCondition)

   ThreadPoolConfig#threadPoolExecutor matched:
      - @ConditionalOnMissingBean (types: java.util.concurrent.ThreadPoolExecutor; SearchStrategy: all) did not find any beans (OnBeanCondition)

   TomcatMetricsAutoConfiguration matched:
      - @ConditionalOnClass found required classes 'io.micrometer.core.instrument.binder.tomcat.TomcatMetrics', 'org.apache.catalina.Manager' (OnClassCondition)
      - @ConditionalOnWebApplication (required) found 'session' scope (OnWebApplicationCondition)

   TomcatMetricsAutoConfiguration#tomcatMetricsBinder matched:
      - @ConditionalOnBean (types: io.micrometer.core.instrument.MeterRegistry; SearchStrategy: all) found bean 'simpleMeterRegistry'; @ConditionalOnMissingBean (types: io.micrometer.core.instrument.binder.tomcat.TomcatMetrics,org.springframework.boot.actuate.metrics.web.tomcat.TomcatMetricsBinder; SearchStrategy: all) did not find any beans (OnBeanCondition)

   TransactionAutoConfiguration matched:
      - @ConditionalOnClass found required class 'org.springframework.transaction.PlatformTransactionManager' (OnClassCondition)

   TransactionAutoConfiguration#platformTransactionManagerCustomizers matched:
      - @ConditionalOnMissingBean (types: org.springframework.boot.autoconfigure.transaction.TransactionManagerCustomizers; SearchStrategy: all) did not find any beans (OnBeanCondition)

   TransactionAutoConfiguration.EnableTransactionManagementConfiguration matched:
      - @ConditionalOnBean (types: org.springframework.transaction.TransactionManager; SearchStrategy: all) found bean 'transactionManager'; @ConditionalOnMissingBean (types: org.springframework.transaction.annotation.AbstractTransactionManagementConfiguration; SearchStrategy: all) did not find any beans (OnBeanCondition)

   TransactionAutoConfiguration.EnableTransactionManagementConfiguration.CglibAutoProxyConfiguration matched:
      - @ConditionalOnProperty (spring.aop.proxy-target-class=true) matched (OnPropertyCondition)

   TransactionAutoConfiguration.TransactionTemplateConfiguration matched:
      - @ConditionalOnSingleCandidate (types: org.springframework.transaction.PlatformTransactionManager; SearchStrategy: all) found a single bean 'transactionManager' (OnBeanCondition)

   TransactionAutoConfiguration.TransactionTemplateConfiguration#transactionTemplate matched:
      - @ConditionalOnMissingBean (types: org.springframework.transaction.support.TransactionOperations; SearchStrategy: all) did not find any beans (OnBeanCondition)

   WebEndpointAutoConfiguration matched:
      - @ConditionalOnWebApplication (required) found 'session' scope (OnWebApplicationCondition)

   WebEndpointAutoConfiguration#controllerEndpointDiscoverer matched:
      - @ConditionalOnMissingBean (types: org.springframework.boot.actuate.endpoint.web.annotation.ControllerEndpointsSupplier; SearchStrategy: all) did not find any beans (OnBeanCondition)

   WebEndpointAutoConfiguration#endpointMediaTypes matched:
      - @ConditionalOnMissingBean (types: org.springframework.boot.actuate.endpoint.web.EndpointMediaTypes; SearchStrategy: all) did not find any beans (OnBeanCondition)

   WebEndpointAutoConfiguration#pathMappedEndpoints matched:
      - @ConditionalOnMissingBean (types: org.springframework.boot.actuate.endpoint.web.PathMappedEndpoints; SearchStrategy: all) did not find any beans (OnBeanCondition)

   WebEndpointAutoConfiguration#webEndpointDiscoverer matched:
      - @ConditionalOnMissingBean (types: org.springframework.boot.actuate.endpoint.web.WebEndpointsSupplier; SearchStrategy: all) did not find any beans (OnBeanCondition)

   WebEndpointAutoConfiguration.WebEndpointServletConfiguration matched:
      - found 'session' scope (OnWebApplicationCondition)

   WebEndpointAutoConfiguration.WebEndpointServletConfiguration#servletEndpointDiscoverer matched:
      - @ConditionalOnMissingBean (types: org.springframework.boot.actuate.endpoint.web.annotation.ServletEndpointsSupplier; SearchStrategy: all) did not find any beans (OnBeanCondition)

   WebMvcAutoConfiguration matched:
      - @ConditionalOnClass found required classes 'javax.servlet.Servlet', 'org.springframework.web.servlet.DispatcherServlet', 'org.springframework.web.servlet.config.annotation.WebMvcConfigurer' (OnClassCondition)
      - found 'session' scope (OnWebApplicationCondition)
      - @ConditionalOnMissingBean (types: org.springframework.web.servlet.config.annotation.WebMvcConfigurationSupport; SearchStrategy: all) did not find any beans (OnBeanCondition)

   WebMvcAutoConfiguration#formContentFilter matched:
      - @ConditionalOnProperty (spring.mvc.formcontent.filter.enabled) matched (OnPropertyCondition)
      - @ConditionalOnMissingBean (types: org.springframework.web.filter.FormContentFilter; SearchStrategy: all) did not find any beans (OnBeanCondition)

   WebMvcAutoConfiguration.EnableWebMvcConfiguration#flashMapManager matched:
      - @ConditionalOnMissingBean (names: flashMapManager; SearchStrategy: all) did not find any beans (OnBeanCondition)

   WebMvcAutoConfiguration.EnableWebMvcConfiguration#localeResolver matched:
      - @ConditionalOnMissingBean (names: localeResolver; SearchStrategy: all) did not find any beans (OnBeanCondition)

   WebMvcAutoConfiguration.EnableWebMvcConfiguration#themeResolver matched:
      - @ConditionalOnMissingBean (names: themeResolver; SearchStrategy: all) did not find any beans (OnBeanCondition)

   WebMvcAutoConfiguration.WebMvcAutoConfigurationAdapter#defaultViewResolver matched:
      - @ConditionalOnMissingBean (types: org.springframework.web.servlet.view.InternalResourceViewResolver; SearchStrategy: all) did not find any beans (OnBeanCondition)

   WebMvcAutoConfiguration.WebMvcAutoConfigurationAdapter#requestContextFilter matched:
      - @ConditionalOnMissingBean (types: org.springframework.web.context.request.RequestContextListener,org.springframework.web.filter.RequestContextFilter; SearchStrategy: all) did not find any beans (OnBeanCondition)

   WebMvcAutoConfiguration.WebMvcAutoConfigurationAdapter#viewResolver matched:
      - @ConditionalOnBean (types: org.springframework.web.servlet.ViewResolver; SearchStrategy: all) found beans 'defaultViewResolver', 'beanNameViewResolver', 'mvcViewResolver'; @ConditionalOnMissingBean (names: viewResolver types: org.springframework.web.servlet.view.ContentNegotiatingViewResolver; SearchStrategy: all) did not find any beans (OnBeanCondition)

   WebMvcEndpointManagementContextConfiguration matched:
      - @ConditionalOnClass found required class 'org.springframework.web.servlet.DispatcherServlet' (OnClassCondition)
      - found 'session' scope (OnWebApplicationCondition)
      - @ConditionalOnBean (types: org.springframework.web.servlet.DispatcherServlet,org.springframework.boot.actuate.endpoint.web.WebEndpointsSupplier; SearchStrategy: all) found beans 'webEndpointDiscoverer', 'dispatcherServlet' (OnBeanCondition)

   WebMvcEndpointManagementContextConfiguration#controllerEndpointHandlerMapping matched:
      - @ConditionalOnMissingBean (types: org.springframework.boot.actuate.endpoint.web.servlet.ControllerEndpointHandlerMapping; SearchStrategy: all) did not find any beans (OnBeanCondition)

   WebMvcEndpointManagementContextConfiguration#webEndpointServletHandlerMapping matched:
      - @ConditionalOnMissingBean (types: org.springframework.boot.actuate.endpoint.web.servlet.WebMvcEndpointHandlerMapping; SearchStrategy: all) did not find any beans (OnBeanCondition)

   WebMvcMetricsAutoConfiguration matched:
      - @ConditionalOnClass found required class 'org.springframework.web.servlet.DispatcherServlet' (OnClassCondition)
      - found 'session' scope (OnWebApplicationCondition)
      - @ConditionalOnBean (types: io.micrometer.core.instrument.MeterRegistry; SearchStrategy: all) found bean 'simpleMeterRegistry' (OnBeanCondition)

   WebMvcMetricsAutoConfiguration#webMvcMetricsFilter matched:
      - @ConditionalOnMissingBean (types: org.springframework.boot.actuate.metrics.web.servlet.WebMvcMetricsFilter; SearchStrategy: all) did not find any beans (OnBeanCondition)

   WebMvcMetricsAutoConfiguration#webMvcTagsProvider matched:
      - @ConditionalOnMissingBean (types: org.springframework.boot.actuate.metrics.web.servlet.WebMvcTagsProvider; SearchStrategy: all) did not find any beans (OnBeanCondition)

   WebSocketServletAutoConfiguration matched:
      - @ConditionalOnClass found required classes 'javax.servlet.Servlet', 'javax.websocket.server.ServerContainer' (OnClassCondition)
      - found 'session' scope (OnWebApplicationCondition)

   WebSocketServletAutoConfiguration.TomcatWebSocketConfiguration matched:
      - @ConditionalOnClass found required classes 'org.apache.catalina.startup.Tomcat', 'org.apache.tomcat.websocket.server.WsSci' (OnClassCondition)

   WebSocketServletAutoConfiguration.TomcatWebSocketConfiguration#websocketServletWebServerCustomizer matched:
      - @ConditionalOnMissingBean (names: websocketServletWebServerCustomizer; SearchStrategy: all) did not find any beans (OnBeanCondition)


Negative matches:
-----------------

   ActiveMQAutoConfiguration:
      Did not match:
         - @ConditionalOnClass did not find required class 'javax.jms.ConnectionFactory' (OnClassCondition)

   AopAutoConfiguration.AspectJAutoProxyingConfiguration:
      Did not match:
         - @ConditionalOnClass did not find required class 'org.aspectj.weaver.Advice' (OnClassCondition)

   AppOpticsMetricsExportAutoConfiguration:
      Did not match:
         - @ConditionalOnClass did not find required class 'io.micrometer.appoptics.AppOpticsMeterRegistry' (OnClassCondition)

   ArtemisAutoConfiguration:
      Did not match:
         - @ConditionalOnClass did not find required class 'javax.jms.ConnectionFactory' (OnClassCondition)

   AtlasMetricsExportAutoConfiguration:
      Did not match:
         - @ConditionalOnClass did not find required class 'io.micrometer.atlas.AtlasMeterRegistry' (OnClassCondition)

   AuditAutoConfiguration:
      Did not match:
         - @ConditionalOnBean (types: org.springframework.boot.actuate.audit.AuditEventRepository; SearchStrategy: all) did not find any beans of type org.springframework.boot.actuate.audit.AuditEventRepository (OnBeanCondition)
      Matched:
         - @ConditionalOnProperty (management.auditevents.enabled) matched (OnPropertyCondition)

   AuditEventsEndpointAutoConfiguration:
      Did not match:
         - @ConditionalOnAvailableEndpoint no 'management.endpoints' property marked it as exposed (OnAvailableEndpointCondition)

   AvailabilityHealthContributorAutoConfiguration#livenessStateHealthIndicator:
      Did not match:
         - @ConditionalOnProperty (management.health.livenessstate.enabled=true) did not find property 'enabled' (OnPropertyCondition)

   AvailabilityHealthContributorAutoConfiguration#readinessStateHealthIndicator:
      Did not match:
         - @ConditionalOnProperty (management.health.readinessstate.enabled=true) did not find property 'enabled' (OnPropertyCondition)

   AvailabilityProbesAutoConfiguration:
      Did not match:
         - Probes availability not running on a supported cloud platform (AvailabilityProbesAutoConfiguration.ProbesCondition)

   BatchAutoConfiguration:
      Did not match:
         - @ConditionalOnClass did not find required class 'org.springframework.batch.core.launch.JobLauncher' (OnClassCondition)

   BeansEndpointAutoConfiguration:
      Did not match:
         - @ConditionalOnAvailableEndpoint no 'management.endpoints' property marked it as exposed (OnAvailableEndpointCondition)

   Cache2kCacheConfiguration:
      Did not match:
         - @ConditionalOnClass did not find required class 'org.cache2k.Cache2kBuilder' (OnClassCondition)

   CacheAutoConfiguration:
      Did not match:
         - @ConditionalOnBean (types: org.springframework.cache.interceptor.CacheAspectSupport; SearchStrategy: all) did not find any beans of type org.springframework.cache.interceptor.CacheAspectSupport (OnBeanCondition)
      Matched:
         - @ConditionalOnClass found required class 'org.springframework.cache.CacheManager' (OnClassCondition)

   CacheAutoConfiguration.CacheManagerEntityManagerFactoryDependsOnPostProcessor:
      Did not match:
         - @ConditionalOnClass did not find required class 'org.springframework.orm.jpa.LocalContainerEntityManagerFactoryBean' (OnClassCondition)
         - Ancestor org.springframework.boot.autoconfigure.cache.CacheAutoConfiguration did not match (ConditionEvaluationReport.AncestorsMatchedCondition)

   CacheMeterBinderProvidersConfiguration.Cache2kCacheMeterBinderProviderConfiguration:
      Did not match:
         - @ConditionalOnClass did not find required classes 'org.cache2k.Cache2kBuilder', 'org.cache2k.extra.spring.SpringCache2kCache', 'org.cache2k.extra.micrometer.Cache2kCacheMetrics' (OnClassCondition)

   CacheMeterBinderProvidersConfiguration.CaffeineCacheMeterBinderProviderConfiguration:
      Did not match:
         - @ConditionalOnClass did not find required classes 'org.springframework.cache.caffeine.CaffeineCache', 'com.github.benmanes.caffeine.cache.Cache' (OnClassCondition)

   CacheMeterBinderProvidersConfiguration.EhCache2CacheMeterBinderProviderConfiguration:
      Did not match:
         - @ConditionalOnClass did not find required classes 'org.springframework.cache.ehcache.EhCacheCache', 'net.sf.ehcache.Ehcache' (OnClassCondition)

   CacheMeterBinderProvidersConfiguration.HazelcastCacheMeterBinderProviderConfiguration:
      Did not match:
         - @ConditionalOnClass did not find required classes 'com.hazelcast.spring.cache.HazelcastCache', 'com.hazelcast.core.Hazelcast' (OnClassCondition)

   CacheMeterBinderProvidersConfiguration.JCacheCacheMeterBinderProviderConfiguration:
      Did not match:
         - @ConditionalOnClass did not find required classes 'org.springframework.cache.jcache.JCacheCache', 'javax.cache.CacheManager' (OnClassCondition)

   CacheMeterBinderProvidersConfiguration.RedisCacheMeterBinderProviderConfiguration:
      Did not match:
         - @ConditionalOnClass did not find required class 'org.springframework.data.redis.cache.RedisCache' (OnClassCondition)

   CacheMetricsAutoConfiguration:
      Did not match:
         - @ConditionalOnBean (types: org.springframework.cache.CacheManager; SearchStrategy: all) did not find any beans of type org.springframework.cache.CacheManager (OnBeanCondition)

   CachesEndpointAutoConfiguration:
      Did not match:
         - @ConditionalOnAvailableEndpoint no 'management.endpoints' property marked it as exposed (OnAvailableEndpointCondition)
      Matched:
         - @ConditionalOnClass found required class 'org.springframework.cache.CacheManager' (OnClassCondition)

   CaffeineCacheConfiguration:
      Did not match:
         - @ConditionalOnClass did not find required class 'com.github.benmanes.caffeine.cache.Caffeine' (OnClassCondition)

   CassandraAutoConfiguration:
      Did not match:
         - @ConditionalOnClass did not find required class 'com.datastax.oss.driver.api.core.CqlSession' (OnClassCondition)

   CassandraDataAutoConfiguration:
      Did not match:
         - @ConditionalOnClass did not find required class 'com.datastax.oss.driver.api.core.CqlSession' (OnClassCondition)

   CassandraHealthContributorAutoConfiguration:
      Did not match:
         - @ConditionalOnClass did not find required class 'com.datastax.oss.driver.api.core.CqlSession' (OnClassCondition)

   CassandraReactiveDataAutoConfiguration:
      Did not match:
         - @ConditionalOnClass did not find required class 'com.datastax.oss.driver.api.core.CqlSession' (OnClassCondition)

   CassandraReactiveHealthContributorAutoConfiguration:
      Did not match:
         - @ConditionalOnClass did not find required class 'com.datastax.oss.driver.api.core.CqlSession' (OnClassCondition)

   CassandraReactiveRepositoriesAutoConfiguration:
      Did not match:
         - @ConditionalOnClass did not find required class 'org.springframework.data.cassandra.ReactiveSession' (OnClassCondition)

   CassandraRepositoriesAutoConfiguration:
      Did not match:
         - @ConditionalOnClass did not find required class 'com.datastax.oss.driver.api.core.CqlSession' (OnClassCondition)

   ClientHttpConnectorAutoConfiguration:
      Did not match:
         - @ConditionalOnClass did not find required class 'org.springframework.web.reactive.function.client.WebClient' (OnClassCondition)

   CloudFoundryActuatorAutoConfiguration:
      Did not match:
         - @ConditionalOnCloudPlatform did not find CLOUD_FOUNDRY (OnCloudPlatformCondition)
      Matched:
         - @ConditionalOnClass found required class 'org.springframework.web.servlet.DispatcherServlet' (OnClassCondition)
         - found 'session' scope (OnWebApplicationCondition)
         - @ConditionalOnProperty (management.cloudfoundry.enabled) matched (OnPropertyCondition)

   CodecsAutoConfiguration:
      Did not match:
         - @ConditionalOnClass did not find required class 'org.springframework.web.reactive.function.client.WebClient' (OnClassCondition)

   CompositeMeterRegistryConfiguration:
      Did not match:
         - NoneNestedConditions 1 matched 1 did not; NestedCondition on CompositeMeterRegistryConfiguration.MultipleNonPrimaryMeterRegistriesCondition.SingleInjectableMeterRegistry @ConditionalOnSingleCandidate (types: io.micrometer.core.instrument.MeterRegistry; SearchStrategy: all) found a single bean 'simpleMeterRegistry'; NestedCondition on CompositeMeterRegistryConfiguration.MultipleNonPrimaryMeterRegistriesCondition.NoMeterRegistryCondition @ConditionalOnMissingBean (types: io.micrometer.core.instrument.MeterRegistry; SearchStrategy: all) found beans of type 'io.micrometer.core.instrument.MeterRegistry' simpleMeterRegistry (CompositeMeterRegistryConfiguration.MultipleNonPrimaryMeterRegistriesCondition)

   ConditionsReportEndpointAutoConfiguration:
      Did not match:
         - @ConditionalOnAvailableEndpoint no 'management.endpoints' property marked it as exposed (OnAvailableEndpointCondition)

   ConfigurationPropertiesReportEndpointAutoConfiguration:
      Did not match:
         - @ConditionalOnAvailableEndpoint no 'management.endpoints' property marked it as exposed (OnAvailableEndpointCondition)

   ConnectionFactoryHealthContributorAutoConfiguration:
      Did not match:
         - @ConditionalOnClass did not find required class 'io.r2dbc.spi.ConnectionFactory' (OnClassCondition)

   ConnectionPoolMetricsAutoConfiguration:
      Did not match:
         - @ConditionalOnClass did not find required class 'io.r2dbc.pool.ConnectionPool' (OnClassCondition)

   CouchbaseAutoConfiguration:
      Did not match:
         - @ConditionalOnClass did not find required class 'com.couchbase.client.java.Cluster' (OnClassCondition)

   CouchbaseCacheConfiguration:
      Did not match:
         - @ConditionalOnClass did not find required class 'com.couchbase.client.java.Cluster' (OnClassCondition)

   CouchbaseDataAutoConfiguration:
      Did not match:
         - @ConditionalOnClass did not find required class 'com.couchbase.client.java.Bucket' (OnClassCondition)

   CouchbaseHealthContributorAutoConfiguration:
      Did not match:
         - @ConditionalOnClass did not find required class 'com.couchbase.client.java.Cluster' (OnClassCondition)

   CouchbaseReactiveDataAutoConfiguration:
      Did not match:
         - @ConditionalOnClass did not find required class 'com.couchbase.client.java.Cluster' (OnClassCondition)

   CouchbaseReactiveHealthContributorAutoConfiguration:
      Did not match:
         - @ConditionalOnClass did not find required class 'com.couchbase.client.java.Cluster' (OnClassCondition)

   CouchbaseReactiveRepositoriesAutoConfiguration:
      Did not match:
         - @ConditionalOnClass did not find required class 'com.couchbase.client.java.Cluster' (OnClassCondition)

   CouchbaseRepositoriesAutoConfiguration:
      Did not match:
         - @ConditionalOnClass did not find required class 'com.couchbase.client.java.Bucket' (OnClassCondition)

   DataSourceAutoConfiguration.EmbeddedDatabaseConfiguration:
      Did not match:
         - EmbeddedDataSource spring.datasource.url is set (DataSourceAutoConfiguration.EmbeddedDatabaseCondition)

   DataSourceConfiguration.Dbcp2:
      Did not match:
         - @ConditionalOnClass did not find required class 'org.apache.commons.dbcp2.BasicDataSource' (OnClassCondition)

   DataSourceConfiguration.Generic:
      Did not match:
         - @ConditionalOnProperty (spring.datasource.type) did not find property 'spring.datasource.type' (OnPropertyCondition)

   DataSourceConfiguration.OracleUcp:
      Did not match:
         - @ConditionalOnClass did not find required classes 'oracle.ucp.jdbc.PoolDataSourceImpl', 'oracle.jdbc.OracleConnection' (OnClassCondition)

   DataSourceConfiguration.Tomcat:
      Did not match:
         - @ConditionalOnClass did not find required class 'org.apache.tomcat.jdbc.pool.DataSource' (OnClassCondition)

   DataSourceJmxConfiguration.TomcatDataSourceJmxConfiguration:
      Did not match:
         - @ConditionalOnClass did not find required class 'org.apache.tomcat.jdbc.pool.DataSourceProxy' (OnClassCondition)

   DataSourcePoolMetadataProvidersConfiguration.CommonsDbcp2PoolDataSourceMetadataProviderConfiguration:
      Did not match:
         - @ConditionalOnClass did not find required class 'org.apache.commons.dbcp2.BasicDataSource' (OnClassCondition)

   DataSourcePoolMetadataProvidersConfiguration.OracleUcpPoolDataSourceMetadataProviderConfiguration:
      Did not match:
         - @ConditionalOnClass did not find required classes 'oracle.ucp.jdbc.PoolDataSource', 'oracle.jdbc.OracleConnection' (OnClassCondition)

   DataSourcePoolMetadataProvidersConfiguration.TomcatDataSourcePoolMetadataProviderConfiguration:
      Did not match:
         - @ConditionalOnClass did not find required class 'org.apache.tomcat.jdbc.pool.DataSource' (OnClassCondition)

   DatadogMetricsExportAutoConfiguration:
      Did not match:
         - @ConditionalOnClass did not find required class 'io.micrometer.datadog.DatadogMeterRegistry' (OnClassCondition)

   DispatcherServletAutoConfiguration.DispatcherServletConfiguration#multipartResolver:
      Did not match:
         - @ConditionalOnBean (types: org.springframework.web.multipart.MultipartResolver; SearchStrategy: all) did not find any beans of type org.springframework.web.multipart.MultipartResolver (OnBeanCondition)

   DynatraceMetricsExportAutoConfiguration:
      Did not match:
         - @ConditionalOnClass did not find required class 'io.micrometer.dynatrace.DynatraceMeterRegistry' (OnClassCondition)

   EhCacheCacheConfiguration:
      Did not match:
         - @ConditionalOnClass did not find required class 'net.sf.ehcache.Cache' (OnClassCondition)

   ElasticMetricsExportAutoConfiguration:
      Did not match:
         - @ConditionalOnClass did not find required class 'io.micrometer.elastic.ElasticMeterRegistry' (OnClassCondition)

   ElasticSearchReactiveHealthContributorAutoConfiguration:
      Did not match:
         - @ConditionalOnClass did not find required class 'reactor.core.publisher.Flux' (OnClassCondition)

   ElasticSearchRestHealthContributorAutoConfiguration:
      Did not match:
         - @ConditionalOnClass did not find required class 'org.elasticsearch.client.RestClient' (OnClassCondition)

   ElasticsearchDataAutoConfiguration:
      Did not match:
         - @ConditionalOnClass did not find required class 'org.springframework.data.elasticsearch.core.ElasticsearchRestTemplate' (OnClassCondition)

   ElasticsearchRepositoriesAutoConfiguration:
      Did not match:
         - @ConditionalOnClass did not find required class 'org.elasticsearch.client.Client' (OnClassCondition)

   ElasticsearchRestClientAutoConfiguration:
      Did not match:
         - @ConditionalOnClass did not find required class 'org.elasticsearch.client.RestClientBuilder' (OnClassCondition)

   EmbeddedLdapAutoConfiguration:
      Did not match:
         - @ConditionalOnClass did not find required class 'com.unboundid.ldap.listener.InMemoryDirectoryServer' (OnClassCondition)

   EmbeddedMongoAutoConfiguration:
      Did not match:
         - @ConditionalOnClass did not find required class 'com.mongodb.MongoClientSettings' (OnClassCondition)

   EmbeddedWebServerFactoryCustomizerAutoConfiguration.JettyWebServerFactoryCustomizerConfiguration:
      Did not match:
         - @ConditionalOnClass did not find required classes 'org.eclipse.jetty.server.Server', 'org.eclipse.jetty.util.Loader', 'org.eclipse.jetty.webapp.WebAppContext' (OnClassCondition)

   EmbeddedWebServerFactoryCustomizerAutoConfiguration.NettyWebServerFactoryCustomizerConfiguration:
      Did not match:
         - @ConditionalOnClass did not find required class 'reactor.netty.http.server.HttpServer' (OnClassCondition)

   EmbeddedWebServerFactoryCustomizerAutoConfiguration.UndertowWebServerFactoryCustomizerConfiguration:
      Did not match:
         - @ConditionalOnClass did not find required classes 'io.undertow.Undertow', 'org.xnio.SslClientAuthMode' (OnClassCondition)

   EnvironmentEndpointAutoConfiguration:
      Did not match:
         - @ConditionalOnAvailableEndpoint no 'management.endpoints' property marked it as exposed (OnAvailableEndpointCondition)

   ErrorWebFluxAutoConfiguration:
      Did not match:
         - @ConditionalOnClass did not find required class 'org.springframework.web.reactive.config.WebFluxConfigurer' (OnClassCondition)

   FlywayAutoConfiguration:
      Did not match:
         - @ConditionalOnClass did not find required class 'org.flywaydb.core.Flyway' (OnClassCondition)

   FlywayEndpointAutoConfiguration:
      Did not match:
         - @ConditionalOnClass did not find required class 'org.flywaydb.core.Flyway' (OnClassCondition)

   FreeMarkerAutoConfiguration:
      Did not match:
         - @ConditionalOnClass did not find required class 'freemarker.template.Configuration' (OnClassCondition)

   GangliaMetricsExportAutoConfiguration:
      Did not match:
         - @ConditionalOnClass did not find required class 'io.micrometer.ganglia.GangliaMeterRegistry' (OnClassCondition)

   GraphQlAutoConfiguration:
      Did not match:
         - @ConditionalOnClass did not find required class 'graphql.GraphQL' (OnClassCondition)

   GraphQlMetricsAutoConfiguration:
      Did not match:
         - @ConditionalOnClass did not find required class 'graphql.GraphQL' (OnClassCondition)

   GraphQlQueryByExampleAutoConfiguration:
      Did not match:
         - @ConditionalOnClass did not find required class 'graphql.GraphQL' (OnClassCondition)

   GraphQlQuerydslAutoConfiguration:
      Did not match:
         - @ConditionalOnClass did not find required class 'graphql.GraphQL' (OnClassCondition)

   GraphQlRSocketAutoConfiguration:
      Did not match:
         - @ConditionalOnClass did not find required class 'graphql.GraphQL' (OnClassCondition)

   GraphQlReactiveQueryByExampleAutoConfiguration:
      Did not match:
         - @ConditionalOnClass did not find required class 'graphql.GraphQL' (OnClassCondition)

   GraphQlReactiveQuerydslAutoConfiguration:
      Did not match:
         - @ConditionalOnClass did not find required class 'graphql.GraphQL' (OnClassCondition)

   GraphQlWebFluxAutoConfiguration:
      Did not match:
         - @ConditionalOnClass did not find required class 'graphql.GraphQL' (OnClassCondition)

   GraphQlWebFluxSecurityAutoConfiguration:
      Did not match:
         - @ConditionalOnClass did not find required class 'graphql.GraphQL' (OnClassCondition)

   GraphQlWebMvcAutoConfiguration:
      Did not match:
         - @ConditionalOnClass did not find required class 'graphql.GraphQL' (OnClassCondition)

   GraphQlWebMvcSecurityAutoConfiguration:
      Did not match:
         - @ConditionalOnClass did not find required class 'graphql.GraphQL' (OnClassCondition)

   GraphiteMetricsExportAutoConfiguration:
      Did not match:
         - @ConditionalOnClass did not find required class 'io.micrometer.graphite.GraphiteMeterRegistry' (OnClassCondition)

   GroovyTemplateAutoConfiguration:
      Did not match:
         - @ConditionalOnClass did not find required class 'groovy.text.markup.MarkupTemplateEngine' (OnClassCondition)

   GsonHttpMessageConvertersConfiguration.GsonHttpMessageConverterConfiguration:
      Did not match:
         - AnyNestedCondition 0 matched 2 did not; NestedCondition on GsonHttpMessageConvertersConfiguration.PreferGsonOrJacksonAndJsonbUnavailableCondition.JacksonJsonbUnavailable NoneNestedConditions 1 matched 1 did not; NestedCondition on GsonHttpMessageConvertersConfiguration.JacksonAndJsonbUnavailableCondition.JsonbPreferred @ConditionalOnProperty (spring.mvc.converters.preferred-json-mapper=jsonb) did not find property 'spring.mvc.converters.preferred-json-mapper'; NestedCondition on GsonHttpMessageConvertersConfiguration.JacksonAndJsonbUnavailableCondition.JacksonAvailable @ConditionalOnBean (types: org.springframework.http.converter.json.MappingJackson2HttpMessageConverter; SearchStrategy: all) found bean 'mappingJackson2HttpMessageConverter'; NestedCondition on GsonHttpMessageConvertersConfiguration.PreferGsonOrJacksonAndJsonbUnavailableCondition.GsonPreferred @ConditionalOnProperty (spring.mvc.converters.preferred-json-mapper=gson) did not find property 'spring.mvc.converters.preferred-json-mapper' (GsonHttpMessageConvertersConfiguration.PreferGsonOrJacksonAndJsonbUnavailableCondition)

   H2ConsoleAutoConfiguration:
      Did not match:
         - @ConditionalOnClass did not find required class 'org.h2.server.web.WebServlet' (OnClassCondition)

   HazelcastAutoConfiguration:
      Did not match:
         - @ConditionalOnClass did not find required class 'com.hazelcast.core.HazelcastInstance' (OnClassCondition)

   HazelcastCacheConfiguration:
      Did not match:
         - @ConditionalOnClass did not find required class 'com.hazelcast.core.HazelcastInstance' (OnClassCondition)

   HazelcastHealthContributorAutoConfiguration:
      Did not match:
         - @ConditionalOnClass did not find required class 'com.hazelcast.core.HazelcastInstance' (OnClassCondition)

   HazelcastJpaDependencyAutoConfiguration:
      Did not match:
         - @ConditionalOnClass did not find required class 'com.hazelcast.core.HazelcastInstance' (OnClassCondition)

   HealthEndpointReactiveWebExtensionConfiguration:
      Did not match:
         - did not find reactive web application classes (OnWebApplicationCondition)

   HealthEndpointWebExtensionConfiguration.JerseyAdditionalHealthEndpointPathsConfiguration:
      Did not match:
         - @ConditionalOnClass did not find required class 'org.glassfish.jersey.server.ResourceConfig' (OnClassCondition)

   HeapDumpWebEndpointAutoConfiguration:
      Did not match:
         - @ConditionalOnAvailableEndpoint no 'management.endpoints' property marked it as exposed (OnAvailableEndpointCondition)

   HibernateJpaAutoConfiguration:
      Did not match:
         - @ConditionalOnClass did not find required class 'javax.persistence.EntityManager' (OnClassCondition)

   HibernateMetricsAutoConfiguration:
      Did not match:
         - @ConditionalOnClass did not find required class 'javax.persistence.EntityManagerFactory' (OnClassCondition)

   HttpHandlerAutoConfiguration:
      Did not match:
         - @ConditionalOnClass did not find required class 'org.springframework.web.reactive.DispatcherHandler' (OnClassCondition)

   HttpTraceAutoConfiguration:
      Did not match:
         - @ConditionalOnBean (types: org.springframework.boot.actuate.trace.http.HttpTraceRepository; SearchStrategy: all) did not find any beans of type org.springframework.boot.actuate.trace.http.HttpTraceRepository (OnBeanCondition)
      Matched:
         - @ConditionalOnWebApplication (required) found 'session' scope (OnWebApplicationCondition)
         - @ConditionalOnProperty (management.trace.http.enabled) matched (OnPropertyCondition)

   HttpTraceAutoConfiguration.ReactiveTraceFilterConfiguration:
      Did not match:
         - did not find reactive web application classes (OnWebApplicationCondition)
         - Ancestor org.springframework.boot.actuate.autoconfigure.trace.http.HttpTraceAutoConfiguration did not match (ConditionEvaluationReport.AncestorsMatchedCondition)

   HttpTraceAutoConfiguration.ServletTraceFilterConfiguration:
      Did not match:
         - Ancestor org.springframework.boot.actuate.autoconfigure.trace.http.HttpTraceAutoConfiguration did not match (ConditionEvaluationReport.AncestorsMatchedCondition)
      Matched:
         - found 'session' scope (OnWebApplicationCondition)

   HttpTraceEndpointAutoConfiguration:
      Did not match:
         - @ConditionalOnAvailableEndpoint no 'management.endpoints' property marked it as exposed (OnAvailableEndpointCondition)

   HumioMetricsExportAutoConfiguration:
      Did not match:
         - @ConditionalOnClass did not find required class 'io.micrometer.humio.HumioMeterRegistry' (OnClassCondition)

   HypermediaAutoConfiguration:
      Did not match:
         - @ConditionalOnClass did not find required class 'org.springframework.hateoas.EntityModel' (OnClassCondition)

   InfinispanCacheConfiguration:
      Did not match:
         - @ConditionalOnClass did not find required class 'org.infinispan.spring.embedded.provider.SpringEmbeddedCacheManager' (OnClassCondition)

   InfluxDbAutoConfiguration:
      Did not match:
         - @ConditionalOnClass did not find required class 'org.influxdb.InfluxDB' (OnClassCondition)

   InfluxDbHealthContributorAutoConfiguration:
      Did not match:
         - @ConditionalOnClass did not find required class 'org.influxdb.InfluxDB' (OnClassCondition)

   InfluxMetricsExportAutoConfiguration:
      Did not match:
         - @ConditionalOnClass did not find required class 'io.micrometer.influx.InfluxMeterRegistry' (OnClassCondition)

   InfoContributorAutoConfiguration#buildInfoContributor:
      Did not match:
         - @ConditionalOnSingleCandidate (types: org.springframework.boot.info.BuildProperties; SearchStrategy: all) did not find any beans (OnBeanCondition)
      Matched:
         - @ConditionalOnEnabledInfoContributor management.info.defaults.enabled is considered true (OnEnabledInfoContributorCondition)

   InfoContributorAutoConfiguration#envInfoContributor:
      Did not match:
         - @ConditionalOnEnabledInfoContributor management.info.env.enabled is not true (OnEnabledInfoContributorCondition)

   InfoContributorAutoConfiguration#gitInfoContributor:
      Did not match:
         - @ConditionalOnSingleCandidate (types: org.springframework.boot.info.GitProperties; SearchStrategy: all) did not find any beans (OnBeanCondition)
      Matched:
         - @ConditionalOnEnabledInfoContributor management.info.defaults.enabled is considered true (OnEnabledInfoContributorCondition)

   InfoContributorAutoConfiguration#javaInfoContributor:
      Did not match:
         - @ConditionalOnEnabledInfoContributor management.info.java.enabled is not true (OnEnabledInfoContributorCondition)

   InfoContributorAutoConfiguration#osInfoContributor:
      Did not match:
         - @ConditionalOnEnabledInfoContributor management.info.os.enabled is not true (OnEnabledInfoContributorCondition)

   InfoEndpointAutoConfiguration:
      Did not match:
         - @ConditionalOnAvailableEndpoint no 'management.endpoints' property marked it as exposed (OnAvailableEndpointCondition)

   IntegrationAutoConfiguration:
      Did not match:
         - @ConditionalOnClass did not find required class 'org.springframework.integration.config.EnableIntegration' (OnClassCondition)

   IntegrationGraphEndpointAutoConfiguration:
      Did not match:
         - @ConditionalOnClass did not find required class 'org.springframework.integration.graph.IntegrationGraphServer' (OnClassCondition)

   JCacheCacheConfiguration:
      Did not match:
         - @ConditionalOnClass did not find required class 'javax.cache.Caching' (OnClassCondition)

   JacksonHttpMessageConvertersConfiguration.MappingJackson2XmlHttpMessageConverterConfiguration:
      Did not match:
         - @ConditionalOnClass did not find required class 'com.fasterxml.jackson.dataformat.xml.XmlMapper' (OnClassCondition)

   JdbcRepositoriesAutoConfiguration:
      Did not match:
         - @ConditionalOnClass did not find required class 'org.springframework.data.jdbc.repository.config.AbstractJdbcConfiguration' (OnClassCondition)

   JerseyAutoConfiguration:
      Did not match:
         - @ConditionalOnClass did not find required class 'org.glassfish.jersey.server.spring.SpringComponentProvider' (OnClassCondition)

   JerseySameManagementContextConfiguration:
      Did not match:
         - @ConditionalOnClass did not find required class 'org.glassfish.jersey.server.ResourceConfig' (OnClassCondition)

   JerseyServerMetricsAutoConfiguration:
      Did not match:
         - @ConditionalOnClass did not find required class 'io.micrometer.core.instrument.binder.jersey.server.MetricsApplicationEventListener' (OnClassCondition)

   JerseyWebEndpointManagementContextConfiguration:
      Did not match:
         - @ConditionalOnClass did not find required class 'org.glassfish.jersey.server.ResourceConfig' (OnClassCondition)

   JettyMetricsAutoConfiguration:
      Did not match:
         - @ConditionalOnClass did not find required class 'org.eclipse.jetty.server.Server' (OnClassCondition)

   JmsAutoConfiguration:
      Did not match:
         - @ConditionalOnClass did not find required class 'javax.jms.Message' (OnClassCondition)

   JmsHealthContributorAutoConfiguration:
      Did not match:
         - @ConditionalOnClass did not find required class 'javax.jms.ConnectionFactory' (OnClassCondition)

   JmxAutoConfiguration:
      Did not match:
         - @ConditionalOnProperty (spring.jmx.enabled=true) did not find property 'enabled' (OnPropertyCondition)
      Matched:
         - @ConditionalOnClass found required class 'org.springframework.jmx.export.MBeanExporter' (OnClassCondition)

   JmxEndpointAutoConfiguration:
      Did not match:
         - @ConditionalOnProperty (spring.jmx.enabled=true) did not find property 'enabled' (OnPropertyCondition)

   JmxMetricsExportAutoConfiguration:
      Did not match:
         - @ConditionalOnClass did not find required class 'io.micrometer.jmx.JmxMeterRegistry' (OnClassCondition)

   JndiConnectionFactoryAutoConfiguration:
      Did not match:
         - @ConditionalOnClass did not find required class 'org.springframework.jms.core.JmsTemplate' (OnClassCondition)

   JndiDataSourceAutoConfiguration:
      Did not match:
         - @ConditionalOnProperty (spring.datasource.jndi-name) did not find property 'jndi-name' (OnPropertyCondition)
      Matched:
         - @ConditionalOnClass found required classes 'javax.sql.DataSource', 'org.springframework.jdbc.datasource.embedded.EmbeddedDatabaseType' (OnClassCondition)

   JolokiaEndpointAutoConfiguration:
      Did not match:
         - @ConditionalOnClass did not find required class 'org.jolokia.http.AgentServlet' (OnClassCondition)

   JooqAutoConfiguration:
      Did not match:
         - @ConditionalOnClass did not find required class 'org.jooq.DSLContext' (OnClassCondition)

   JpaRepositoriesAutoConfiguration:
      Did not match:
         - @ConditionalOnClass did not find required class 'org.springframework.data.jpa.repository.JpaRepository' (OnClassCondition)

   JsonbAutoConfiguration:
      Did not match:
         - @ConditionalOnClass did not find required class 'javax.json.bind.Jsonb' (OnClassCondition)

   JsonbHttpMessageConvertersConfiguration:
      Did not match:
         - @ConditionalOnClass did not find required class 'javax.json.bind.Jsonb' (OnClassCondition)

   JtaAutoConfiguration:
      Did not match:
         - @ConditionalOnClass did not find required class 'javax.transaction.Transaction' (OnClassCondition)

   KafkaAutoConfiguration:
      Did not match:
         - @ConditionalOnClass did not find required class 'org.springframework.kafka.core.KafkaTemplate' (OnClassCondition)

   KafkaMetricsAutoConfiguration:
      Did not match:
         - @ConditionalOnClass did not find required class 'org.springframework.kafka.core.ProducerFactory' (OnClassCondition)

   KairosMetricsExportAutoConfiguration:
      Did not match:
         - @ConditionalOnClass did not find required class 'io.micrometer.kairos.KairosMeterRegistry' (OnClassCondition)

   LdapAutoConfiguration:
      Did not match:
         - @ConditionalOnClass did not find required class 'org.springframework.ldap.core.ContextSource' (OnClassCondition)

   LdapHealthContributorAutoConfiguration:
      Did not match:
         - @ConditionalOnClass did not find required class 'org.springframework.ldap.core.LdapOperations' (OnClassCondition)

   LdapRepositoriesAutoConfiguration:
      Did not match:
         - @ConditionalOnClass did not find required class 'org.springframework.data.ldap.repository.LdapRepository' (OnClassCondition)

   LettuceMetricsAutoConfiguration:
      Did not match:
         - @ConditionalOnClass did not find required class 'io.lettuce.core.metrics.MicrometerCommandLatencyRecorder' (OnClassCondition)

   LiquibaseAutoConfiguration:
      Did not match:
         - @ConditionalOnClass did not find required class 'liquibase.change.DatabaseChange' (OnClassCondition)

   LiquibaseEndpointAutoConfiguration:
      Did not match:
         - @ConditionalOnClass did not find required class 'liquibase.integration.spring.SpringLiquibase' (OnClassCondition)

   Log4J2MetricsAutoConfiguration:
      Did not match:
         - @ConditionalOnClass did not find required class 'org.apache.logging.log4j.core.LoggerContext' (OnClassCondition)

   LogFileWebEndpointAutoConfiguration:
      Did not match:
         - @ConditionalOnAvailableEndpoint no 'management.endpoints' property marked it as exposed (OnAvailableEndpointCondition)

   LoggersEndpointAutoConfiguration:
      Did not match:
         - @ConditionalOnAvailableEndpoint no 'management.endpoints' property marked it as exposed (OnAvailableEndpointCondition)

   MailHealthContributorAutoConfiguration:
      Did not match:
         - @ConditionalOnClass did not find required class 'org.springframework.mail.javamail.JavaMailSenderImpl' (OnClassCondition)

   MailSenderAutoConfiguration:
      Did not match:
         - @ConditionalOnClass did not find required class 'javax.activation.MimeType' (OnClassCondition)

   MailSenderValidatorAutoConfiguration:
      Did not match:
         - @ConditionalOnSingleCandidate did not find required type 'org.springframework.mail.javamail.JavaMailSenderImpl' (OnBeanCondition)

   ManagementContextAutoConfiguration.DifferentManagementContextConfiguration:
      Did not match:
         - Management Port actual port type (SAME) did not match required type (DIFFERENT) (OnManagementPortCondition)

   ManagementWebSecurityAutoConfiguration:
      Did not match:
         - AllNestedConditions 1 matched 1 did not; NestedCondition on DefaultWebSecurityCondition.Beans @ConditionalOnMissingBean (types: org.springframework.security.config.annotation.web.configuration.WebSecurityConfigurerAdapter,org.springframework.security.web.SecurityFilterChain; SearchStrategy: all) did not find any beans; NestedCondition on DefaultWebSecurityCondition.Classes @ConditionalOnClass did not find required classes 'org.springframework.security.web.SecurityFilterChain', 'org.springframework.security.config.annotation.web.builders.HttpSecurity' (DefaultWebSecurityCondition)
      Matched:
         - found 'session' scope (OnWebApplicationCondition)

   MappingsEndpointAutoConfiguration:
      Did not match:
         - @ConditionalOnAvailableEndpoint no 'management.endpoints' property marked it as exposed (OnAvailableEndpointCondition)

   MessageSourceAutoConfiguration:
      Did not match:
         - ResourceBundle did not find bundle with basename messages (MessageSourceAutoConfiguration.ResourceBundleCondition)

   MetricsEndpointAutoConfiguration:
      Did not match:
         - @ConditionalOnAvailableEndpoint no 'management.endpoints' property marked it as exposed (OnAvailableEndpointCondition)
      Matched:
         - @ConditionalOnClass found required class 'io.micrometer.core.annotation.Timed' (OnClassCondition)

   MongoAutoConfiguration:
      Did not match:
         - @ConditionalOnClass did not find required class 'com.mongodb.client.MongoClient' (OnClassCondition)

   MongoDataAutoConfiguration:
      Did not match:
         - @ConditionalOnClass did not find required class 'com.mongodb.client.MongoClient' (OnClassCondition)

   MongoHealthContributorAutoConfiguration:
      Did not match:
         - @ConditionalOnClass did not find required class 'org.springframework.data.mongodb.core.MongoTemplate' (OnClassCondition)

   MongoMetricsAutoConfiguration:
      Did not match:
         - @ConditionalOnClass did not find required class 'com.mongodb.MongoClientSettings' (OnClassCondition)

   MongoReactiveAutoConfiguration:
      Did not match:
         - @ConditionalOnClass did not find required class 'com.mongodb.reactivestreams.client.MongoClient' (OnClassCondition)

   MongoReactiveDataAutoConfiguration:
      Did not match:
         - @ConditionalOnClass did not find required class 'com.mongodb.reactivestreams.client.MongoClient' (OnClassCondition)

   MongoReactiveHealthContributorAutoConfiguration:
      Did not match:
         - @ConditionalOnClass did not find required class 'reactor.core.publisher.Flux' (OnClassCondition)

   MongoReactiveRepositoriesAutoConfiguration:
      Did not match:
         - @ConditionalOnClass did not find required class 'com.mongodb.reactivestreams.client.MongoClient' (OnClassCondition)

   MongoRepositoriesAutoConfiguration:
      Did not match:
         - @ConditionalOnClass did not find required class 'com.mongodb.client.MongoClient' (OnClassCondition)

   MustacheAutoConfiguration:
      Did not match:
         - @ConditionalOnClass did not find required class 'com.samskivert.mustache.Mustache' (OnClassCondition)

   MybatisLanguageDriverAutoConfiguration.FreeMarkerConfiguration:
      Did not match:
         - @ConditionalOnClass did not find required classes 'org.mybatis.scripting.freemarker.FreeMarkerLanguageDriver', 'org.mybatis.scripting.freemarker.FreeMarkerLanguageDriverConfig' (OnClassCondition)

   MybatisLanguageDriverAutoConfiguration.LegacyFreeMarkerConfiguration:
      Did not match:
         - @ConditionalOnClass did not find required class 'org.mybatis.scripting.freemarker.FreeMarkerLanguageDriver' (OnClassCondition)

   MybatisLanguageDriverAutoConfiguration.LegacyVelocityConfiguration:
      Did not match:
         - @ConditionalOnClass did not find required class 'org.mybatis.scripting.velocity.Driver' (OnClassCondition)

   MybatisLanguageDriverAutoConfiguration.ThymeleafConfiguration:
      Did not match:
         - @ConditionalOnClass did not find required class 'org.mybatis.scripting.thymeleaf.ThymeleafLanguageDriver' (OnClassCondition)

   MybatisLanguageDriverAutoConfiguration.VelocityConfiguration:
      Did not match:
         - @ConditionalOnClass did not find required classes 'org.mybatis.scripting.velocity.VelocityLanguageDriver', 'org.mybatis.scripting.velocity.VelocityLanguageDriverConfig' (OnClassCondition)

   Neo4jAutoConfiguration:
      Did not match:
         - @ConditionalOnClass did not find required class 'org.neo4j.driver.Driver' (OnClassCondition)

   Neo4jDataAutoConfiguration:
      Did not match:
         - @ConditionalOnClass did not find required class 'org.neo4j.driver.Driver' (OnClassCondition)

   Neo4jHealthContributorAutoConfiguration:
      Did not match:
         - @ConditionalOnClass did not find required class 'org.neo4j.driver.Driver' (OnClassCondition)

   Neo4jReactiveDataAutoConfiguration:
      Did not match:
         - @ConditionalOnClass did not find required class 'org.neo4j.driver.Driver' (OnClassCondition)

   Neo4jReactiveRepositoriesAutoConfiguration:
      Did not match:
         - @ConditionalOnClass did not find required class 'org.neo4j.driver.Driver' (OnClassCondition)

   Neo4jRepositoriesAutoConfiguration:
      Did not match:
         - @ConditionalOnClass did not find required class 'org.neo4j.driver.Driver' (OnClassCondition)

   NettyAutoConfiguration:
      Did not match:
         - @ConditionalOnClass did not find required class 'io.netty.util.NettyRuntime' (OnClassCondition)

   NewRelicMetricsExportAutoConfiguration:
      Did not match:
         - @ConditionalOnClass did not find required class 'io.micrometer.newrelic.NewRelicMeterRegistry' (OnClassCondition)

   NoOpMeterRegistryConfiguration:
      Did not match:
         - @ConditionalOnMissingBean (types: io.micrometer.core.instrument.MeterRegistry; SearchStrategy: all) found beans of type 'io.micrometer.core.instrument.MeterRegistry' simpleMeterRegistry (OnBeanCondition)

   OAuth2ClientAutoConfiguration:
      Did not match:
         - @ConditionalOnClass did not find required class 'org.springframework.security.config.annotation.web.configuration.EnableWebSecurity' (OnClassCondition)

   OAuth2ResourceServerAutoConfiguration:
      Did not match:
         - @ConditionalOnClass did not find required class 'org.springframework.security.oauth2.server.resource.BearerTokenAuthenticationToken' (OnClassCondition)

   ProjectInfoAutoConfiguration#buildProperties:
      Did not match:
         - @ConditionalOnResource did not find resource '${spring.info.build.location:classpath:META-INF/build-info.properties}' (OnResourceCondition)

   ProjectInfoAutoConfiguration#gitProperties:
      Did not match:
         - GitResource did not find git info at classpath:git.properties (ProjectInfoAutoConfiguration.GitResourceAvailableCondition)

   PrometheusMetricsExportAutoConfiguration:
      Did not match:
         - @ConditionalOnClass did not find required class 'io.micrometer.prometheus.PrometheusMeterRegistry' (OnClassCondition)

   QuartzAutoConfiguration:
      Did not match:
         - @ConditionalOnClass did not find required class 'org.quartz.Scheduler' (OnClassCondition)

   QuartzEndpointAutoConfiguration:
      Did not match:
         - @ConditionalOnClass did not find required class 'org.quartz.Scheduler' (OnClassCondition)

   R2dbcAutoConfiguration:
      Did not match:
         - @ConditionalOnClass did not find required class 'io.r2dbc.spi.ConnectionFactory' (OnClassCondition)

   R2dbcDataAutoConfiguration:
      Did not match:
         - @ConditionalOnClass did not find required class 'org.springframework.data.r2dbc.core.R2dbcEntityTemplate' (OnClassCondition)

   R2dbcInitializationConfiguration:
      Did not match:
         - @ConditionalOnClass did not find required classes 'io.r2dbc.spi.ConnectionFactory', 'org.springframework.r2dbc.connection.init.DatabasePopulator' (OnClassCondition)

   R2dbcRepositoriesAutoConfiguration:
      Did not match:
         - @ConditionalOnClass did not find required class 'io.r2dbc.spi.ConnectionFactory' (OnClassCondition)

   R2dbcTransactionManagerAutoConfiguration:
      Did not match:
         - @ConditionalOnClass did not find required class 'org.springframework.r2dbc.connection.R2dbcTransactionManager' (OnClassCondition)

   RSocketGraphQlClientAutoConfiguration:
      Did not match:
         - @ConditionalOnClass did not find required class 'graphql.GraphQL' (OnClassCondition)

   RSocketMessagingAutoConfiguration:
      Did not match:
         - @ConditionalOnClass did not find required class 'io.rsocket.RSocket' (OnClassCondition)

   RSocketRequesterAutoConfiguration:
      Did not match:
         - @ConditionalOnClass did not find required class 'io.rsocket.RSocket' (OnClassCondition)

   RSocketSecurityAutoConfiguration:
      Did not match:
         - @ConditionalOnClass did not find required class 'org.springframework.security.rsocket.core.SecuritySocketAcceptorInterceptor' (OnClassCondition)

   RSocketServerAutoConfiguration:
      Did not match:
         - @ConditionalOnClass did not find required class 'io.rsocket.core.RSocketServer' (OnClassCondition)

   RSocketStrategiesAutoConfiguration:
      Did not match:
         - @ConditionalOnClass did not find required class 'io.netty.buffer.PooledByteBufAllocator' (OnClassCondition)

   RabbitAutoConfiguration:
      Did not match:
         - @ConditionalOnClass did not find required class 'com.rabbitmq.client.Channel' (OnClassCondition)

   RabbitHealthContributorAutoConfiguration:
      Did not match:
         - @ConditionalOnClass did not find required class 'org.springframework.amqp.rabbit.core.RabbitTemplate' (OnClassCondition)

   RabbitMetricsAutoConfiguration:
      Did not match:
         - @ConditionalOnClass did not find required class 'com.rabbitmq.client.ConnectionFactory' (OnClassCondition)

   ReactiveCloudFoundryActuatorAutoConfiguration:
      Did not match:
         - @ConditionalOnWebApplication did not find reactive web application classes (OnWebApplicationCondition)

   ReactiveElasticsearchRepositoriesAutoConfiguration:
      Did not match:
         - @ConditionalOnClass did not find required class 'org.springframework.data.elasticsearch.client.reactive.ReactiveElasticsearchClient' (OnClassCondition)

   ReactiveElasticsearchRestClientAutoConfiguration:
      Did not match:
         - @ConditionalOnClass did not find required class 'reactor.netty.http.client.HttpClient' (OnClassCondition)

   ReactiveHealthEndpointConfiguration:
      Did not match:
         - @ConditionalOnClass did not find required class 'reactor.core.publisher.Flux' (OnClassCondition)

   ReactiveManagementContextAutoConfiguration:
      Did not match:
         - @ConditionalOnClass did not find required class 'reactor.core.publisher.Flux' (OnClassCondition)

   ReactiveManagementWebSecurityAutoConfiguration:
      Did not match:
         - @ConditionalOnClass did not find required class 'org.springframework.security.config.annotation.web.reactive.EnableWebFluxSecurity' (OnClassCondition)

   ReactiveMultipartAutoConfiguration:
      Did not match:
         - @ConditionalOnClass did not find required class 'org.springframework.web.reactive.config.WebFluxConfigurer' (OnClassCondition)

   ReactiveOAuth2ClientAutoConfiguration:
      Did not match:
         - @ConditionalOnClass did not find required class 'reactor.core.publisher.Flux' (OnClassCondition)

   ReactiveOAuth2ResourceServerAutoConfiguration:
      Did not match:
         - @ConditionalOnClass did not find required class 'org.springframework.security.config.annotation.web.reactive.EnableWebFluxSecurity' (OnClassCondition)

   ReactiveSecurityAutoConfiguration:
      Did not match:
         - @ConditionalOnClass did not find required class 'reactor.core.publisher.Flux' (OnClassCondition)

   ReactiveUserDetailsServiceAutoConfiguration:
      Did not match:
         - @ConditionalOnClass did not find required class 'org.springframework.security.authentication.ReactiveAuthenticationManager' (OnClassCondition)

   ReactiveWebServerFactoryAutoConfiguration:
      Did not match:
         - @ConditionalOnWebApplication did not find reactive web application classes (OnWebApplicationCondition)

   RedisAutoConfiguration:
      Did not match:
         - @ConditionalOnClass did not find required class 'org.springframework.data.redis.core.RedisOperations' (OnClassCondition)

   RedisCacheConfiguration:
      Did not match:
         - @ConditionalOnClass did not find required class 'org.springframework.data.redis.connection.RedisConnectionFactory' (OnClassCondition)

   RedisHealthContributorAutoConfiguration:
      Did not match:
         - @ConditionalOnClass did not find required class 'org.springframework.data.redis.connection.RedisConnectionFactory' (OnClassCondition)

   RedisReactiveAutoConfiguration:
      Did not match:
         - @ConditionalOnClass did not find required class 'reactor.core.publisher.Flux' (OnClassCondition)

   RedisReactiveHealthContributorAutoConfiguration:
      Did not match:
         - @ConditionalOnClass did not find required class 'reactor.core.publisher.Flux' (OnClassCondition)

   RedisRepositoriesAutoConfiguration:
      Did not match:
         - @ConditionalOnClass did not find required class 'org.springframework.data.redis.repository.configuration.EnableRedisRepositories' (OnClassCondition)

   RepositoryMetricsAutoConfiguration:
      Did not match:
         - @ConditionalOnClass did not find required class 'org.springframework.data.repository.Repository' (OnClassCondition)

   RepositoryRestMvcAutoConfiguration:
      Did not match:
         - @ConditionalOnClass did not find required class 'org.springframework.data.rest.webmvc.config.RepositoryRestMvcConfiguration' (OnClassCondition)

   Saml2RelyingPartyAutoConfiguration:
      Did not match:
         - @ConditionalOnClass did not find required class 'org.springframework.security.saml2.provider.service.registration.RelyingPartyRegistrationRepository' (OnClassCondition)

   ScheduledTasksEndpointAutoConfiguration:
      Did not match:
         - @ConditionalOnAvailableEndpoint no 'management.endpoints' property marked it as exposed (OnAvailableEndpointCondition)

   SecurityAutoConfiguration:
      Did not match:
         - @ConditionalOnClass did not find required class 'org.springframework.security.authentication.DefaultAuthenticationEventPublisher' (OnClassCondition)

   SecurityFilterAutoConfiguration:
      Did not match:
         - @ConditionalOnClass did not find required class 'org.springframework.security.config.http.SessionCreationPolicy' (OnClassCondition)

   SecurityRequestMatchersManagementContextConfiguration:
      Did not match:
         - @ConditionalOnClass did not find required class 'org.springframework.security.web.util.matcher.RequestMatcher' (OnClassCondition)

   SendGridAutoConfiguration:
      Did not match:
         - @ConditionalOnClass did not find required class 'com.sendgrid.SendGrid' (OnClassCondition)

   ServletEndpointManagementContextConfiguration.JerseyServletEndpointManagementContextConfiguration:
      Did not match:
         - @ConditionalOnClass did not find required class 'org.glassfish.jersey.server.ResourceConfig' (OnClassCondition)

   ServletManagementContextAutoConfiguration.ApplicationContextFilterConfiguration:
      Did not match:
         - @ConditionalOnProperty (management.server.add-application-context-header=true) did not find property 'add-application-context-header' (OnPropertyCondition)

   ServletWebServerFactoryAutoConfiguration.ForwardedHeaderFilterConfiguration:
      Did not match:
         - @ConditionalOnProperty (server.forward-headers-strategy=framework) did not find property 'server.forward-headers-strategy' (OnPropertyCondition)

   ServletWebServerFactoryConfiguration.EmbeddedJetty:
      Did not match:
         - @ConditionalOnClass did not find required classes 'org.eclipse.jetty.server.Server', 'org.eclipse.jetty.util.Loader', 'org.eclipse.jetty.webapp.WebAppContext' (OnClassCondition)

   ServletWebServerFactoryConfiguration.EmbeddedUndertow:
      Did not match:
         - @ConditionalOnClass did not find required classes 'io.undertow.Undertow', 'org.xnio.SslClientAuthMode' (OnClassCondition)

   SessionAutoConfiguration:
      Did not match:
         - @ConditionalOnClass did not find required class 'org.springframework.session.Session' (OnClassCondition)

   SessionsEndpointAutoConfiguration:
      Did not match:
         - @ConditionalOnClass did not find required class 'org.springframework.session.FindByIndexNameSessionRepository' (OnClassCondition)

   ShutdownEndpointAutoConfiguration:
      Did not match:
         - @ConditionalOnAvailableEndpoint no property management.endpoint.shutdown.enabled found so using endpoint default of false (OnAvailableEndpointCondition)

   SignalFxMetricsExportAutoConfiguration:
      Did not match:
         - @ConditionalOnClass did not find required class 'io.micrometer.signalfx.SignalFxMeterRegistry' (OnClassCondition)

   SolrAutoConfiguration:
      Did not match:
         - @ConditionalOnClass did not find required class 'org.apache.solr.client.solrj.impl.CloudSolrClient' (OnClassCondition)

   SolrHealthContributorAutoConfiguration:
      Did not match:
         - @ConditionalOnClass did not find required class 'org.apache.solr.client.solrj.SolrClient' (OnClassCondition)

   SpringApplicationAdminJmxAutoConfiguration:
      Did not match:
         - @ConditionalOnProperty (spring.application.admin.enabled=true) did not find property 'enabled' (OnPropertyCondition)

   SpringDataWebAutoConfiguration:
      Did not match:
         - @ConditionalOnClass did not find required class 'org.springframework.data.web.PageableHandlerMethodArgumentResolver' (OnClassCondition)

   StackdriverMetricsExportAutoConfiguration:
      Did not match:
         - @ConditionalOnClass did not find required class 'io.micrometer.stackdriver.StackdriverMeterRegistry' (OnClassCondition)

   StartupEndpointAutoConfiguration:
      Did not match:
         - ApplicationStartup configured applicationStartup is of type class org.springframework.core.metrics.DefaultApplicationStartup, expected BufferingApplicationStartup. (StartupEndpointAutoConfiguration.ApplicationStartupCondition)

   StatsdMetricsExportAutoConfiguration:
      Did not match:
         - @ConditionalOnClass did not find required class 'io.micrometer.statsd.StatsdMeterRegistry' (OnClassCondition)

   TaskExecutionAutoConfiguration#applicationTaskExecutor:
      Did not match:
         - @ConditionalOnMissingBean (types: java.util.concurrent.Executor; SearchStrategy: all) found beans of type 'java.util.concurrent.Executor' threadPoolExecutor (OnBeanCondition)

   TaskSchedulingAutoConfiguration#scheduledBeanLazyInitializationExcludeFilter:
      Did not match:
         - @ConditionalOnBean (names: org.springframework.context.annotation.internalScheduledAnnotationProcessor; SearchStrategy: all) did not find any beans named org.springframework.context.annotation.internalScheduledAnnotationProcessor (OnBeanCondition)

   TaskSchedulingAutoConfiguration#taskScheduler:
      Did not match:
         - @ConditionalOnBean (names: org.springframework.context.annotation.internalScheduledAnnotationProcessor; SearchStrategy: all) did not find any beans named org.springframework.context.annotation.internalScheduledAnnotationProcessor (OnBeanCondition)

   ThreadDumpEndpointAutoConfiguration:
      Did not match:
         - @ConditionalOnAvailableEndpoint no 'management.endpoints' property marked it as exposed (OnAvailableEndpointCondition)

   ThymeleafAutoConfiguration:
      Did not match:
         - @ConditionalOnClass did not find required class 'org.thymeleaf.spring5.SpringTemplateEngine' (OnClassCondition)

   TransactionAutoConfiguration#transactionalOperator:
      Did not match:
         - @ConditionalOnSingleCandidate (types: org.springframework.transaction.ReactiveTransactionManager; SearchStrategy: all) did not find any beans (OnBeanCondition)

   TransactionAutoConfiguration.EnableTransactionManagementConfiguration.JdkDynamicAutoProxyConfiguration:
      Did not match:
         - @ConditionalOnProperty (spring.aop.proxy-target-class=false) did not find property 'proxy-target-class' (OnPropertyCondition)

   UserDetailsServiceAutoConfiguration:
      Did not match:
         - @ConditionalOnClass did not find required class 'org.springframework.security.authentication.AuthenticationManager' (OnClassCondition)

   ValidationAutoConfiguration:
      Did not match:
         - @ConditionalOnResource did not find resource 'classpath:META-INF/services/javax.validation.spi.ValidationProvider' (OnResourceCondition)
      Matched:
         - @ConditionalOnClass found required class 'javax.validation.executable.ExecutableValidator' (OnClassCondition)

   WavefrontMetricsExportAutoConfiguration:
      Did not match:
         - @ConditionalOnClass did not find required class 'com.wavefront.sdk.common.WavefrontSender' (OnClassCondition)

   WebClientAutoConfiguration:
      Did not match:
         - @ConditionalOnClass did not find required class 'org.springframework.web.reactive.function.client.WebClient' (OnClassCondition)

   WebClientMetricsConfiguration:
      Did not match:
         - @ConditionalOnClass did not find required class 'org.springframework.web.reactive.function.client.WebClient' (OnClassCondition)

   WebFluxAutoConfiguration:
      Did not match:
         - @ConditionalOnClass did not find required class 'org.springframework.web.reactive.config.WebFluxConfigurer' (OnClassCondition)

   WebFluxEndpointManagementContextConfiguration:
      Did not match:
         - @ConditionalOnClass did not find required class 'org.springframework.web.reactive.DispatcherHandler' (OnClassCondition)

   WebFluxMetricsAutoConfiguration:
      Did not match:
         - @ConditionalOnWebApplication did not find reactive web application classes (OnWebApplicationCondition)

   WebMvcAutoConfiguration#hiddenHttpMethodFilter:
      Did not match:
         - @ConditionalOnProperty (spring.mvc.hiddenmethod.filter.enabled) did not find property 'enabled' (OnPropertyCondition)

   WebMvcAutoConfiguration.ResourceChainCustomizerConfiguration:
      Did not match:
         - @ConditionalOnEnabledResourceChain did not find class org.webjars.WebJarAssetLocator (OnEnabledResourceChainCondition)

   WebMvcAutoConfiguration.WebMvcAutoConfigurationAdapter#beanNameViewResolver:
      Did not match:
         - @ConditionalOnMissingBean (types: org.springframework.web.servlet.view.BeanNameViewResolver; SearchStrategy: all) found beans of type 'org.springframework.web.servlet.view.BeanNameViewResolver' beanNameViewResolver (OnBeanCondition)

   WebMvcEndpointManagementContextConfiguration#managementHealthEndpointWebMvcHandlerMapping:
      Did not match:
         - Management Port actual port type (SAME) did not match required type (DIFFERENT) (OnManagementPortCondition)

   WebServiceTemplateAutoConfiguration:
      Did not match:
         - @ConditionalOnClass did not find required class 'org.springframework.oxm.Marshaller' (OnClassCondition)

   WebServicesAutoConfiguration:
      Did not match:
         - @ConditionalOnClass did not find required class 'org.springframework.ws.transport.http.MessageDispatcherServlet' (OnClassCondition)

   WebSessionIdResolverAutoConfiguration:
      Did not match:
         - @ConditionalOnClass did not find required class 'reactor.core.publisher.Mono' (OnClassCondition)

   WebSocketMessagingAutoConfiguration:
      Did not match:
         - @ConditionalOnClass did not find required class 'org.springframework.web.socket.config.annotation.WebSocketMessageBrokerConfigurer' (OnClassCondition)

   WebSocketReactiveAutoConfiguration:
      Did not match:
         - @ConditionalOnWebApplication did not find reactive web application classes (OnWebApplicationCondition)

   WebSocketServletAutoConfiguration.Jetty10WebSocketConfiguration:
      Did not match:
         - @ConditionalOnClass did not find required classes 'org.eclipse.jetty.websocket.javax.server.internal.JavaxWebSocketServerContainer', 'org.eclipse.jetty.websocket.server.JettyWebSocketServerContainer' (OnClassCondition)

   WebSocketServletAutoConfiguration.JettyWebSocketConfiguration:
      Did not match:
         - @ConditionalOnClass did not find required class 'org.eclipse.jetty.websocket.jsr356.server.deploy.WebSocketServerContainerInitializer' (OnClassCondition)

   WebSocketServletAutoConfiguration.UndertowWebSocketConfiguration:
      Did not match:
         - @ConditionalOnClass did not find required class 'io.undertow.websockets.jsr.Bootstrap' (OnClassCondition)

   XADataSourceAutoConfiguration:
      Did not match:
         - @ConditionalOnClass did not find required class 'javax.transaction.TransactionManager' (OnClassCondition)


Exclusions:
-----------

    None


Unconditional classes:
----------------------

    org.springframework.boot.autoconfigure.context.ConfigurationPropertiesAutoConfiguration

    org.springframework.boot.actuate.autoconfigure.availability.AvailabilityHealthContributorAutoConfiguration

    org.springframework.boot.actuate.autoconfigure.info.InfoContributorAutoConfiguration

    org.springframework.boot.autoconfigure.context.PropertyPlaceholderAutoConfiguration

    org.springframework.boot.autoconfigure.context.LifecycleAutoConfiguration

    org.springframework.boot.actuate.autoconfigure.health.HealthContributorAutoConfiguration

    org.springframework.boot.actuate.autoconfigure.metrics.integration.IntegrationMetricsAutoConfiguration

    org.springframework.boot.actuate.autoconfigure.endpoint.EndpointAutoConfiguration

    org.springframework.boot.autoconfigure.availability.ApplicationAvailabilityAutoConfiguration

    org.springframework.boot.autoconfigure.info.ProjectInfoAutoConfiguration

    org.springframework.boot.actuate.autoconfigure.web.server.ManagementContextAutoConfiguration



26-06-07.10:54:11.098 [main            ] INFO  Application            - Started Application in 6.399 seconds (JVM running for 7.083)
26-06-07.10:54:11.216 [main            ] DEBUG ApplicationAvailabilityBean - Application availability state LivenessState changed to CORRECT
26-06-07.10:54:11.219 [main            ] DEBUG ApplicationAvailabilityBean - Application availability state ReadinessState changed to ACCEPTING_TRAFFIC
26-06-07.10:55:10.837 [http-nio-8088-exec-1] INFO  [/]                    - Initializing Spring DispatcherServlet 'dispatcherServlet'
26-06-07.10:55:10.838 [http-nio-8088-exec-1] INFO  DispatcherServlet      - Initializing Servlet 'dispatcherServlet'
26-06-07.10:55:10.839 [http-nio-8088-exec-1] DEBUG DispatcherServlet      - Detected StandardServletMultipartResolver
26-06-07.10:55:10.839 [http-nio-8088-exec-1] DEBUG DispatcherServlet      - Detected AcceptHeaderLocaleResolver
26-06-07.10:55:10.839 [http-nio-8088-exec-1] DEBUG DispatcherServlet      - Detected FixedThemeResolver
26-06-07.10:55:10.841 [http-nio-8088-exec-1] DEBUG DispatcherServlet      - Detected org.springframework.web.servlet.view.DefaultRequestToViewNameTranslator@37870b30
26-06-07.10:55:10.842 [http-nio-8088-exec-1] DEBUG DispatcherServlet      - Detected org.springframework.web.servlet.support.SessionFlashMapManager@e3a5ec9
26-06-07.10:55:10.842 [http-nio-8088-exec-1] DEBUG DispatcherServlet      - enableLoggingRequestDetails='false': request parameters and headers will be masked to prevent unsafe logging of potentially sensitive data
26-06-07.10:55:10.842 [http-nio-8088-exec-1] INFO  DispatcherServlet      - Completed initialization in 3 ms
26-06-07.10:55:10.872 [http-nio-8088-exec-1] DEBUG DispatcherServlet      - GET "/actuator/health", parameters={}
26-06-07.10:55:10.891 [http-nio-8088-exec-1] DEBUG WebMvcEndpointHandlerMapping - Mapped to Actuator web endpoint 'health'
26-06-07.10:55:10.983 [http-nio-8088-exec-1] INFO  HikariDataSource       - HikariPool-1 - Starting...
26-06-07.10:55:11.860 [http-nio-8088-exec-1] INFO  HikariDataSource       - HikariPool-1 - Start completed.
26-06-07.10:55:11.908 [http-nio-8088-exec-1] DEBUG HttpEntityMethodProcessor - Using 'application/vnd.spring-boot.actuator.v3+json', given [*/*] and supported [application/vnd.spring-boot.actuator.v3+json, application/vnd.spring-boot.actuator.v2+json, application/json]
26-06-07.10:55:12.003 [http-nio-8088-exec-1] DEBUG HttpEntityMethodProcessor - Writing [org.springframework.boot.actuate.health.SystemHealth@43f30d09]
26-06-07.10:55:12.079 [http-nio-8088-exec-1] DEBUG DispatcherServlet      - Completed 200 OK
26-06-07.10:57:44.455 [http-nio-8088-exec-3] DEBUG DispatcherServlet      - POST "/record/auth/login", parameters={}
26-06-07.10:57:44.456 [http-nio-8088-exec-3] DEBUG RequestMappingHandlerMapping - Mapped to top.daoha.trigger.http.AuthController#login(AuthRequestDTO)
26-06-07.10:57:44.492 [http-nio-8088-exec-3] DEBUG RequestResponseBodyMethodProcessor - Read "application/json;charset=UTF-8" to [AuthRequestDTO(username=daohaha, password=123456, phone=null)]
26-06-07.10:57:44.654 [http-nio-8088-exec-3] INFO  AuthController         - 用户登录成功 username=daohaha
26-06-07.10:57:44.660 [http-nio-8088-exec-3] DEBUG RequestResponseBodyMethodProcessor - Using 'application/json', given [*/*] and supported [application/json, application/*+json, application/json, application/*+json]
26-06-07.10:57:44.661 [http-nio-8088-exec-3] DEBUG RequestResponseBodyMethodProcessor - Writing [Response(code=0000, info=成功, data=AuthResposeDTO(userId=5, username=daohaha, password=null, phone=nu (truncated)...]
26-06-07.10:57:44.663 [http-nio-8088-exec-3] DEBUG DispatcherServlet      - Completed 200 OK
26-06-07.10:58:27.681 [http-nio-8088-exec-8] DEBUG DispatcherServlet      - OPTIONS "/record/auth/login", parameters={}
26-06-07.10:58:27.681 [http-nio-8088-exec-8] DEBUG RequestMappingHandlerMapping - Mapped to top.daoha.trigger.http.AuthController#login(AuthRequestDTO)
26-06-07.10:58:27.689 [http-nio-8088-exec-8] DEBUG DispatcherServlet      - Completed 200 OK
26-06-07.10:58:27.697 [http-nio-8088-exec-9] DEBUG DispatcherServlet      - POST "/record/auth/login", parameters={}
26-06-07.10:58:27.697 [http-nio-8088-exec-9] DEBUG RequestMappingHandlerMapping - Mapped to top.daoha.trigger.http.AuthController#login(AuthRequestDTO)
26-06-07.10:58:27.700 [http-nio-8088-exec-9] DEBUG RequestResponseBodyMethodProcessor - Read "application/json;charset=UTF-8" to [AuthRequestDTO(username=daohaha, password=123456, phone=null)]
26-06-07.10:58:27.789 [http-nio-8088-exec-9] INFO  AuthController         - 用户登录成功 username=daohaha
26-06-07.10:58:27.802 [http-nio-8088-exec-9] DEBUG RequestResponseBodyMethodProcessor - Using 'application/json', given [*/*] and supported [application/json, application/*+json, application/json, application/*+json]
26-06-07.10:58:27.802 [http-nio-8088-exec-9] DEBUG RequestResponseBodyMethodProcessor - Writing [Response(code=0000, info=成功, data=AuthResposeDTO(userId=5, username=daohaha, password=null, phone=nu (truncated)...]
26-06-07.10:58:27.804 [http-nio-8088-exec-9] DEBUG DispatcherServlet      - Completed 200 OK
26-06-07.10:58:29.254 [http-nio-8088-exec-10] DEBUG DispatcherServlet      - OPTIONS "/record/index/query_user_info", parameters={}
26-06-07.10:58:29.255 [http-nio-8088-exec-10] DEBUG RequestMappingHandlerMapping - Mapped to top.daoha.trigger.http.RecordIndexController#getIndexInfoAggregate(RecordIndexRequestDTO)
26-06-07.10:58:29.255 [http-nio-8088-exec-10] DEBUG DispatcherServlet      - Completed 200 OK
26-06-07.10:58:29.260 [http-nio-8088-exec-4] DEBUG DispatcherServlet      - POST "/record/index/query_user_info", parameters={}
26-06-07.10:58:29.261 [http-nio-8088-exec-4] DEBUG RequestMappingHandlerMapping - Mapped to top.daoha.trigger.http.RecordIndexController#getIndexInfoAggregate(RecordIndexRequestDTO)
26-06-07.10:58:29.272 [http-nio-8088-exec-4] DEBUG RequestResponseBodyMethodProcessor - Read "application/json;charset=UTF-8" to [RecordIndexRequestDTO(userId=5)]
26-06-07.10:58:29.292 [http-nio-8088-exec-4] ERROR RecordIndexController  - 查询首页信息失败 userId=5
26-06-07.10:58:29.308 [http-nio-8088-exec-4] DEBUG RequestResponseBodyMethodProcessor - Using 'application/json', given [*/*] and supported [application/json, application/*+json, application/json, application/*+json]
26-06-07.10:58:29.308 [http-nio-8088-exec-4] DEBUG RequestResponseBodyMethodProcessor - Writing [Response(code=0001, info=未知失败, data=null)]
26-06-07.10:58:29.309 [http-nio-8088-exec-4] DEBUG DispatcherServlet      - Completed 200 OK
26-06-07.10:58:40.258 [http-nio-8088-exec-6] DEBUG DispatcherServlet      - OPTIONS "/record/index/start_cycle_record", parameters={}
26-06-07.10:58:40.258 [http-nio-8088-exec-6] DEBUG RequestMappingHandlerMapping - Mapped to top.daoha.trigger.http.RecordIndexController#startCycleRecord(RecordIndexRequestDTO)
26-06-07.10:58:40.260 [http-nio-8088-exec-6] DEBUG DispatcherServlet      - Completed 200 OK
26-06-07.10:58:40.268 [http-nio-8088-exec-7] DEBUG DispatcherServlet      - POST "/record/index/start_cycle_record", parameters={}
26-06-07.10:58:40.268 [http-nio-8088-exec-7] DEBUG RequestMappingHandlerMapping - Mapped to top.daoha.trigger.http.RecordIndexController#startCycleRecord(RecordIndexRequestDTO)
26-06-07.10:58:40.270 [http-nio-8088-exec-7] DEBUG RequestResponseBodyMethodProcessor - Read "application/json;charset=UTF-8" to [RecordIndexRequestDTO(userId=5)]
26-06-07.10:58:40.351 [http-nio-8088-exec-7] INFO  RecordIndexController  - 开始新周期成功 userId=5
26-06-07.10:58:40.353 [http-nio-8088-exec-7] DEBUG RequestResponseBodyMethodProcessor - Using 'application/json', given [*/*] and supported [application/json, application/*+json, application/json, application/*+json]
26-06-07.10:58:40.353 [http-nio-8088-exec-7] DEBUG RequestResponseBodyMethodProcessor - Writing [Response(code=0000, info=成功, data=true)]
26-06-07.10:58:40.355 [http-nio-8088-exec-7] DEBUG DispatcherServlet      - Completed 200 OK
26-06-07.10:58:40.363 [http-nio-8088-exec-5] DEBUG DispatcherServlet      - POST "/record/index/query_user_info", parameters={}
26-06-07.10:58:40.364 [http-nio-8088-exec-5] DEBUG RequestMappingHandlerMapping - Mapped to top.daoha.trigger.http.RecordIndexController#getIndexInfoAggregate(RecordIndexRequestDTO)
26-06-07.10:58:40.365 [http-nio-8088-exec-5] DEBUG RequestResponseBodyMethodProcessor - Read "application/json;charset=UTF-8" to [RecordIndexRequestDTO(userId=5)]
26-06-07.10:58:40.374 [http-nio-8088-exec-5] INFO  RecordIndexController  - 查询首页信息成功 userId=5
26-06-07.10:58:40.375 [http-nio-8088-exec-5] DEBUG RequestResponseBodyMethodProcessor - Using 'application/json', given [*/*] and supported [application/json, application/*+json, application/json, application/*+json]
26-06-07.10:58:40.376 [http-nio-8088-exec-5] DEBUG RequestResponseBodyMethodProcessor - Writing [Response(code=0000, info=成功, data=RecordIndexResponseDTO(userId=5, userName=daohaha, avatar=null, av (truncated)...]
26-06-07.10:58:40.384 [http-nio-8088-exec-5] DEBUG DispatcherServlet      - Completed 200 OK
26-06-07.11:39:15.444 [http-nio-8088-exec-3] DEBUG DispatcherServlet      - OPTIONS "/record/index/query_user_info", parameters={}
26-06-07.11:39:15.451 [http-nio-8088-exec-3] DEBUG RequestMappingHandlerMapping - Mapped to top.daoha.trigger.http.RecordIndexController#getIndexInfoAggregate(RecordIndexRequestDTO)
26-06-07.11:39:15.454 [http-nio-8088-exec-3] DEBUG DispatcherServlet      - Completed 200 OK
26-06-07.11:39:15.463 [http-nio-8088-exec-8] DEBUG DispatcherServlet      - POST "/record/index/query_user_info", parameters={}
26-06-07.11:39:15.463 [http-nio-8088-exec-8] DEBUG RequestMappingHandlerMapping - Mapped to top.daoha.trigger.http.RecordIndexController#getIndexInfoAggregate(RecordIndexRequestDTO)
26-06-07.11:39:15.476 [http-nio-8088-exec-8] DEBUG RequestResponseBodyMethodProcessor - Read "application/json;charset=UTF-8" to [RecordIndexRequestDTO(userId=5)]
26-06-07.11:39:15.498 [http-nio-8088-exec-8] INFO  RecordIndexController  - 查询首页信息成功 userId=5
26-06-07.11:39:15.511 [http-nio-8088-exec-8] DEBUG RequestResponseBodyMethodProcessor - Using 'application/json', given [*/*] and supported [application/json, application/*+json, application/json, application/*+json]
26-06-07.11:39:15.511 [http-nio-8088-exec-8] DEBUG RequestResponseBodyMethodProcessor - Writing [Response(code=0000, info=成功, data=RecordIndexResponseDTO(userId=5, userName=daohaha, avatar=null, av (truncated)...]
26-06-07.11:39:15.515 [http-nio-8088-exec-8] DEBUG DispatcherServlet      - Completed 200 OK
26-06-07.11:40:15.935 [http-nio-8088-exec-9] DEBUG DispatcherServlet      - POST "/record/index/query_user_info", parameters={}
26-06-07.11:40:15.935 [http-nio-8088-exec-9] DEBUG RequestMappingHandlerMapping - Mapped to top.daoha.trigger.http.RecordIndexController#getIndexInfoAggregate(RecordIndexRequestDTO)
26-06-07.11:40:15.937 [http-nio-8088-exec-9] DEBUG RequestResponseBodyMethodProcessor - Read "application/json;charset=UTF-8" to [RecordIndexRequestDTO(userId=5)]
26-06-07.11:40:15.946 [http-nio-8088-exec-9] INFO  RecordIndexController  - 查询首页信息成功 userId=5
26-06-07.11:40:15.960 [http-nio-8088-exec-9] DEBUG RequestResponseBodyMethodProcessor - Using 'application/json', given [*/*] and supported [application/json, application/*+json, application/json, application/*+json]
26-06-07.11:40:15.960 [http-nio-8088-exec-9] DEBUG RequestResponseBodyMethodProcessor - Writing [Response(code=0000, info=成功, data=RecordIndexResponseDTO(userId=5, userName=daohaha, avatar=null, av (truncated)...]
26-06-07.11:40:15.962 [http-nio-8088-exec-9] DEBUG DispatcherServlet      - Completed 200 OK
26-06-07.11:40:16.159 [http-nio-8088-exec-10] DEBUG DispatcherServlet      - POST "/record/index/query_user_info", parameters={}
26-06-07.11:40:16.159 [http-nio-8088-exec-10] DEBUG RequestMappingHandlerMapping - Mapped to top.daoha.trigger.http.RecordIndexController#getIndexInfoAggregate(RecordIndexRequestDTO)
26-06-07.11:40:16.161 [http-nio-8088-exec-10] DEBUG RequestResponseBodyMethodProcessor - Read "application/json;charset=UTF-8" to [RecordIndexRequestDTO(userId=5)]
26-06-07.11:40:16.166 [http-nio-8088-exec-10] INFO  RecordIndexController  - 查询首页信息成功 userId=5
26-06-07.11:40:16.168 [http-nio-8088-exec-10] DEBUG RequestResponseBodyMethodProcessor - Using 'application/json', given [*/*] and supported [application/json, application/*+json, application/json, application/*+json]
26-06-07.11:40:16.168 [http-nio-8088-exec-10] DEBUG RequestResponseBodyMethodProcessor - Writing [Response(code=0000, info=成功, data=RecordIndexResponseDTO(userId=5, userName=daohaha, avatar=null, av (truncated)...]
26-06-07.11:40:16.169 [http-nio-8088-exec-10] DEBUG DispatcherServlet      - Completed 200 OK
26-06-07.11:41:18.772 [http-nio-8088-exec-6] DEBUG DispatcherServlet      - POST "/record/index/query_user_info", parameters={}
26-06-07.11:41:18.773 [http-nio-8088-exec-6] DEBUG RequestMappingHandlerMapping - Mapped to top.daoha.trigger.http.RecordIndexController#getIndexInfoAggregate(RecordIndexRequestDTO)
26-06-07.11:41:18.775 [http-nio-8088-exec-6] DEBUG RequestResponseBodyMethodProcessor - Read "application/json;charset=UTF-8" to [RecordIndexRequestDTO(userId=5)]
26-06-07.11:41:18.780 [http-nio-8088-exec-6] INFO  RecordIndexController  - 查询首页信息成功 userId=5
26-06-07.11:41:18.781 [http-nio-8088-exec-6] DEBUG RequestResponseBodyMethodProcessor - Using 'application/json', given [*/*] and supported [application/json, application/*+json, application/json, application/*+json]
26-06-07.11:41:18.782 [http-nio-8088-exec-6] DEBUG RequestResponseBodyMethodProcessor - Writing [Response(code=0000, info=成功, data=RecordIndexResponseDTO(userId=5, userName=daohaha, avatar=null, av (truncated)...]
26-06-07.11:41:18.783 [http-nio-8088-exec-6] DEBUG DispatcherServlet      - Completed 200 OK
26-06-07.11:41:19.692 [http-nio-8088-exec-7] DEBUG DispatcherServlet      - POST "/record/index/query_user_info", parameters={}
26-06-07.11:41:19.693 [http-nio-8088-exec-7] DEBUG RequestMappingHandlerMapping - Mapped to top.daoha.trigger.http.RecordIndexController#getIndexInfoAggregate(RecordIndexRequestDTO)
26-06-07.11:41:19.694 [http-nio-8088-exec-7] DEBUG RequestResponseBodyMethodProcessor - Read "application/json;charset=UTF-8" to [RecordIndexRequestDTO(userId=5)]
26-06-07.11:41:19.701 [http-nio-8088-exec-7] INFO  RecordIndexController  - 查询首页信息成功 userId=5
26-06-07.11:41:19.716 [http-nio-8088-exec-7] DEBUG RequestResponseBodyMethodProcessor - Using 'application/json', given [*/*] and supported [application/json, application/*+json, application/json, application/*+json]
26-06-07.11:41:19.716 [http-nio-8088-exec-7] DEBUG RequestResponseBodyMethodProcessor - Writing [Response(code=0000, info=成功, data=RecordIndexResponseDTO(userId=5, userName=daohaha, avatar=null, av (truncated)...]
26-06-07.11:41:19.717 [http-nio-8088-exec-7] DEBUG DispatcherServlet      - Completed 200 OK
26-06-07.11:41:20.340 [http-nio-8088-exec-5] DEBUG DispatcherServlet      - POST "/record/index/query_user_info", parameters={}
26-06-07.11:41:20.341 [http-nio-8088-exec-5] DEBUG RequestMappingHandlerMapping - Mapped to top.daoha.trigger.http.RecordIndexController#getIndexInfoAggregate(RecordIndexRequestDTO)
26-06-07.11:41:20.343 [http-nio-8088-exec-5] DEBUG RequestResponseBodyMethodProcessor - Read "application/json;charset=UTF-8" to [RecordIndexRequestDTO(userId=5)]
26-06-07.11:41:20.349 [http-nio-8088-exec-5] INFO  RecordIndexController  - 查询首页信息成功 userId=5
26-06-07.11:41:20.350 [http-nio-8088-exec-5] DEBUG RequestResponseBodyMethodProcessor - Using 'application/json', given [*/*] and supported [application/json, application/*+json, application/json, application/*+json]
26-06-07.11:41:20.350 [http-nio-8088-exec-5] DEBUG RequestResponseBodyMethodProcessor - Writing [Response(code=0000, info=成功, data=RecordIndexResponseDTO(userId=5, userName=daohaha, avatar=null, av (truncated)...]
26-06-07.11:41:20.352 [http-nio-8088-exec-5] DEBUG DispatcherServlet      - Completed 200 OK
26-06-07.11:41:55.515 [http-nio-8088-exec-1] DEBUG DispatcherServlet      - POST "/record/index/query_user_info", parameters={}
26-06-07.11:41:55.516 [http-nio-8088-exec-1] DEBUG RequestMappingHandlerMapping - Mapped to top.daoha.trigger.http.RecordIndexController#getIndexInfoAggregate(RecordIndexRequestDTO)
26-06-07.11:41:55.517 [http-nio-8088-exec-1] DEBUG RequestResponseBodyMethodProcessor - Read "application/json;charset=UTF-8" to [RecordIndexRequestDTO(userId=5)]
26-06-07.11:41:55.525 [http-nio-8088-exec-2] DEBUG DispatcherServlet      - POST "/record/index/query_user_info", parameters={}
26-06-07.11:41:55.525 [http-nio-8088-exec-2] DEBUG RequestMappingHandlerMapping - Mapped to top.daoha.trigger.http.RecordIndexController#getIndexInfoAggregate(RecordIndexRequestDTO)
26-06-07.11:41:55.526 [http-nio-8088-exec-2] DEBUG RequestResponseBodyMethodProcessor - Read "application/json;charset=UTF-8" to [RecordIndexRequestDTO(userId=5)]
26-06-07.11:41:55.522 [http-nio-8088-exec-1] INFO  RecordIndexController  - 查询首页信息成功 userId=5
26-06-07.11:41:55.539 [http-nio-8088-exec-1] DEBUG RequestResponseBodyMethodProcessor - Using 'application/json', given [*/*] and supported [application/json, application/*+json, application/json, application/*+json]
26-06-07.11:41:55.539 [http-nio-8088-exec-1] DEBUG RequestResponseBodyMethodProcessor - Writing [Response(code=0000, info=成功, data=RecordIndexResponseDTO(userId=5, userName=daohaha, avatar=null, av (truncated)...]
26-06-07.11:41:55.540 [http-nio-8088-exec-1] DEBUG DispatcherServlet      - Completed 200 OK
26-06-07.11:41:55.531 [http-nio-8088-exec-2] INFO  RecordIndexController  - 查询首页信息成功 userId=5
26-06-07.11:41:55.542 [http-nio-8088-exec-2] DEBUG RequestResponseBodyMethodProcessor - Using 'application/json', given [*/*] and supported [application/json, application/*+json, application/json, application/*+json]
26-06-07.11:41:55.542 [http-nio-8088-exec-2] DEBUG RequestResponseBodyMethodProcessor - Writing [Response(code=0000, info=成功, data=RecordIndexResponseDTO(userId=5, userName=daohaha, avatar=null, av (truncated)...]
26-06-07.11:41:55.544 [http-nio-8088-exec-2] DEBUG DispatcherServlet      - Completed 200 OK
26-06-07.11:42:02.039 [http-nio-8088-exec-3] DEBUG DispatcherServlet      - POST "/record/index/query_user_info", parameters={}
26-06-07.11:42:02.039 [http-nio-8088-exec-3] DEBUG RequestMappingHandlerMapping - Mapped to top.daoha.trigger.http.RecordIndexController#getIndexInfoAggregate(RecordIndexRequestDTO)
26-06-07.11:42:02.040 [http-nio-8088-exec-3] DEBUG RequestResponseBodyMethodProcessor - Read "application/json;charset=UTF-8" to [RecordIndexRequestDTO(userId=5)]
26-06-07.11:42:02.045 [http-nio-8088-exec-3] INFO  RecordIndexController  - 查询首页信息成功 userId=5
26-06-07.11:42:02.059 [http-nio-8088-exec-3] DEBUG RequestResponseBodyMethodProcessor - Using 'application/json', given [*/*] and supported [application/json, application/*+json, application/json, application/*+json]
26-06-07.11:42:02.059 [http-nio-8088-exec-3] DEBUG RequestResponseBodyMethodProcessor - Writing [Response(code=0000, info=成功, data=RecordIndexResponseDTO(userId=5, userName=daohaha, avatar=null, av (truncated)...]
26-06-07.11:42:02.060 [http-nio-8088-exec-3] DEBUG DispatcherServlet      - Completed 200 OK
26-06-07.11:42:03.447 [http-nio-8088-exec-8] DEBUG DispatcherServlet      - POST "/record/index/query_user_info", parameters={}
26-06-07.11:42:03.448 [http-nio-8088-exec-8] DEBUG RequestMappingHandlerMapping - Mapped to top.daoha.trigger.http.RecordIndexController#getIndexInfoAggregate(RecordIndexRequestDTO)
26-06-07.11:42:03.449 [http-nio-8088-exec-8] DEBUG RequestResponseBodyMethodProcessor - Read "application/json;charset=UTF-8" to [RecordIndexRequestDTO(userId=5)]
26-06-07.11:42:03.453 [http-nio-8088-exec-8] INFO  RecordIndexController  - 查询首页信息成功 userId=5
26-06-07.11:42:03.467 [http-nio-8088-exec-8] DEBUG RequestResponseBodyMethodProcessor - Using 'application/json', given [*/*] and supported [application/json, application/*+json, application/json, application/*+json]
26-06-07.11:42:03.468 [http-nio-8088-exec-8] DEBUG RequestResponseBodyMethodProcessor - Writing [Response(code=0000, info=成功, data=RecordIndexResponseDTO(userId=5, userName=daohaha, avatar=null, av (truncated)...]
26-06-07.11:42:03.468 [http-nio-8088-exec-8] DEBUG DispatcherServlet      - Completed 200 OK
26-06-07.11:46:48.027 [http-nio-8088-exec-4] DEBUG DispatcherServlet      - POST "/record/index/query_user_info", parameters={}
26-06-07.11:46:48.027 [http-nio-8088-exec-4] DEBUG RequestMappingHandlerMapping - Mapped to top.daoha.trigger.http.RecordIndexController#getIndexInfoAggregate(RecordIndexRequestDTO)
26-06-07.11:46:48.028 [http-nio-8088-exec-4] DEBUG RequestResponseBodyMethodProcessor - Read "application/json;charset=UTF-8" to [RecordIndexRequestDTO(userId=5)]
26-06-07.11:46:48.043 [http-nio-8088-exec-6] DEBUG DispatcherServlet      - POST "/record/index/query_user_info", parameters={}
26-06-07.11:46:48.045 [http-nio-8088-exec-6] DEBUG RequestMappingHandlerMapping - Mapped to top.daoha.trigger.http.RecordIndexController#getIndexInfoAggregate(RecordIndexRequestDTO)
26-06-07.11:46:48.046 [http-nio-8088-exec-6] DEBUG RequestResponseBodyMethodProcessor - Read "application/json;charset=UTF-8" to [RecordIndexRequestDTO(userId=5)]
26-06-07.11:46:48.033 [http-nio-8088-exec-4] INFO  RecordIndexController  - 查询首页信息成功 userId=5
26-06-07.11:46:48.047 [http-nio-8088-exec-4] DEBUG RequestResponseBodyMethodProcessor - Using 'application/json', given [*/*] and supported [application/json, application/*+json, application/json, application/*+json]
26-06-07.11:46:48.047 [http-nio-8088-exec-4] DEBUG RequestResponseBodyMethodProcessor - Writing [Response(code=0000, info=成功, data=RecordIndexResponseDTO(userId=5, userName=daohaha, avatar=null, av (truncated)...]
26-06-07.11:46:48.051 [http-nio-8088-exec-4] DEBUG DispatcherServlet      - Completed 200 OK
26-06-07.11:46:48.063 [http-nio-8088-exec-6] INFO  RecordIndexController  - 查询首页信息成功 userId=5
26-06-07.11:46:48.065 [http-nio-8088-exec-6] DEBUG RequestResponseBodyMethodProcessor - Using 'application/json', given [*/*] and supported [application/json, application/*+json, application/json, application/*+json]
26-06-07.11:46:48.065 [http-nio-8088-exec-6] DEBUG RequestResponseBodyMethodProcessor - Writing [Response(code=0000, info=成功, data=RecordIndexResponseDTO(userId=5, userName=daohaha, avatar=null, av (truncated)...]
26-06-07.11:46:48.067 [http-nio-8088-exec-6] DEBUG DispatcherServlet      - Completed 200 OK
26-06-07.11:47:07.867 [http-nio-8088-exec-7] DEBUG DispatcherServlet      - POST "/record/index/query_user_info", parameters={}
26-06-07.11:47:07.867 [http-nio-8088-exec-7] DEBUG RequestMappingHandlerMapping - Mapped to top.daoha.trigger.http.RecordIndexController#getIndexInfoAggregate(RecordIndexRequestDTO)
26-06-07.11:47:07.870 [http-nio-8088-exec-7] DEBUG RequestResponseBodyMethodProcessor - Read "application/json;charset=UTF-8" to [RecordIndexRequestDTO(userId=5)]
26-06-07.11:47:07.882 [http-nio-8088-exec-5] DEBUG DispatcherServlet      - POST "/record/index/query_user_info", parameters={}
26-06-07.11:47:07.882 [http-nio-8088-exec-5] DEBUG RequestMappingHandlerMapping - Mapped to top.daoha.trigger.http.RecordIndexController#getIndexInfoAggregate(RecordIndexRequestDTO)
26-06-07.11:47:07.883 [http-nio-8088-exec-5] DEBUG RequestResponseBodyMethodProcessor - Read "application/json;charset=UTF-8" to [RecordIndexRequestDTO(userId=5)]
26-06-07.11:47:07.877 [http-nio-8088-exec-7] INFO  RecordIndexController  - 查询首页信息成功 userId=5
26-06-07.11:47:07.891 [http-nio-8088-exec-7] DEBUG RequestResponseBodyMethodProcessor - Using 'application/json', given [*/*] and supported [application/json, application/*+json, application/json, application/*+json]
26-06-07.11:47:07.891 [http-nio-8088-exec-7] DEBUG RequestResponseBodyMethodProcessor - Writing [Response(code=0000, info=成功, data=RecordIndexResponseDTO(userId=5, userName=daohaha, avatar=null, av (truncated)...]
26-06-07.11:47:07.892 [http-nio-8088-exec-5] INFO  RecordIndexController  - 查询首页信息成功 userId=5
26-06-07.11:47:07.893 [http-nio-8088-exec-7] DEBUG DispatcherServlet      - Completed 200 OK
26-06-07.11:47:07.893 [http-nio-8088-exec-5] DEBUG RequestResponseBodyMethodProcessor - Using 'application/json', given [*/*] and supported [application/json, application/*+json, application/json, application/*+json]
26-06-07.11:47:07.893 [http-nio-8088-exec-5] DEBUG RequestResponseBodyMethodProcessor - Writing [Response(code=0000, info=成功, data=RecordIndexResponseDTO(userId=5, userName=daohaha, avatar=null, av (truncated)...]
26-06-07.11:47:07.899 [http-nio-8088-exec-5] DEBUG DispatcherServlet      - Completed 200 OK
26-06-07.11:47:15.632 [http-nio-8088-exec-1] DEBUG DispatcherServlet      - POST "/record/index/query_user_info", parameters={}
26-06-07.11:47:15.632 [http-nio-8088-exec-1] DEBUG RequestMappingHandlerMapping - Mapped to top.daoha.trigger.http.RecordIndexController#getIndexInfoAggregate(RecordIndexRequestDTO)
26-06-07.11:47:15.632 [http-nio-8088-exec-1] DEBUG RequestResponseBodyMethodProcessor - Read "application/json;charset=UTF-8" to [RecordIndexRequestDTO(userId=5)]
26-06-07.11:47:15.638 [http-nio-8088-exec-2] DEBUG DispatcherServlet      - POST "/record/index/query_user_info", parameters={}
26-06-07.11:47:15.638 [http-nio-8088-exec-2] DEBUG RequestMappingHandlerMapping - Mapped to top.daoha.trigger.http.RecordIndexController#getIndexInfoAggregate(RecordIndexRequestDTO)
26-06-07.11:47:15.640 [http-nio-8088-exec-2] DEBUG RequestResponseBodyMethodProcessor - Read "application/json;charset=UTF-8" to [RecordIndexRequestDTO(userId=5)]
26-06-07.11:47:15.642 [http-nio-8088-exec-1] INFO  RecordIndexController  - 查询首页信息成功 userId=5
26-06-07.11:47:15.644 [http-nio-8088-exec-1] DEBUG RequestResponseBodyMethodProcessor - Using 'application/json', given [*/*] and supported [application/json, application/*+json, application/json, application/*+json]
26-06-07.11:47:15.644 [http-nio-8088-exec-1] DEBUG RequestResponseBodyMethodProcessor - Writing [Response(code=0000, info=成功, data=RecordIndexResponseDTO(userId=5, userName=daohaha, avatar=null, av (truncated)...]
26-06-07.11:47:15.647 [http-nio-8088-exec-2] INFO  RecordIndexController  - 查询首页信息成功 userId=5
26-06-07.11:47:15.648 [http-nio-8088-exec-2] DEBUG RequestResponseBodyMethodProcessor - Using 'application/json', given [*/*] and supported [application/json, application/*+json, application/json, application/*+json]
26-06-07.11:47:15.648 [http-nio-8088-exec-2] DEBUG RequestResponseBodyMethodProcessor - Writing [Response(code=0000, info=成功, data=RecordIndexResponseDTO(userId=5, userName=daohaha, avatar=null, av (truncated)...]
26-06-07.11:47:15.649 [http-nio-8088-exec-1] DEBUG DispatcherServlet      - Completed 200 OK
26-06-07.11:47:15.652 [http-nio-8088-exec-2] DEBUG DispatcherServlet      - Completed 200 OK
26-06-07.11:47:15.901 [http-nio-8088-exec-3] DEBUG DispatcherServlet      - POST "/record/index/query_user_info", parameters={}
26-06-07.11:47:15.901 [http-nio-8088-exec-3] DEBUG RequestMappingHandlerMapping - Mapped to top.daoha.trigger.http.RecordIndexController#getIndexInfoAggregate(RecordIndexRequestDTO)
26-06-07.11:47:15.902 [http-nio-8088-exec-3] DEBUG RequestResponseBodyMethodProcessor - Read "application/json;charset=UTF-8" to [RecordIndexRequestDTO(userId=5)]
26-06-07.11:47:15.905 [http-nio-8088-exec-3] INFO  RecordIndexController  - 查询首页信息成功 userId=5
26-06-07.11:47:15.919 [http-nio-8088-exec-3] DEBUG RequestResponseBodyMethodProcessor - Using 'application/json', given [*/*] and supported [application/json, application/*+json, application/json, application/*+json]
26-06-07.11:47:15.920 [http-nio-8088-exec-3] DEBUG RequestResponseBodyMethodProcessor - Writing [Response(code=0000, info=成功, data=RecordIndexResponseDTO(userId=5, userName=daohaha, avatar=null, av (truncated)...]
26-06-07.11:47:15.921 [http-nio-8088-exec-3] DEBUG DispatcherServlet      - Completed 200 OK
26-06-07.11:47:34.303 [main            ] INFO  Application            - Starting Application using Java 17 on jjnice with PID 36324 (D:\自学\java学习\记录系统\record-me\record-me-app\target\classes started by 24209 in D:\自学\java学习\记录系统\record-me)
26-06-07.11:47:34.307 [main            ] INFO  Application            - The following 1 profile is active: "dev"
26-06-07.11:47:34.315 [http-nio-8088-exec-8] DEBUG DispatcherServlet      - POST "/record/index/query_user_info", parameters={}
26-06-07.11:47:34.315 [http-nio-8088-exec-8] DEBUG RequestMappingHandlerMapping - Mapped to top.daoha.trigger.http.RecordIndexController#getIndexInfoAggregate(RecordIndexRequestDTO)
26-06-07.11:47:34.319 [http-nio-8088-exec-8] DEBUG RequestResponseBodyMethodProcessor - Read "application/json;charset=UTF-8" to [RecordIndexRequestDTO(userId=5)]
26-06-07.11:47:34.326 [http-nio-8088-exec-8] INFO  RecordIndexController  - 查询首页信息成功 userId=5
26-06-07.11:47:34.326 [http-nio-8088-exec-8] DEBUG RequestResponseBodyMethodProcessor - Using 'application/json', given [*/*] and supported [application/json, application/*+json, application/json, application/*+json]
26-06-07.11:47:34.327 [http-nio-8088-exec-8] DEBUG RequestResponseBodyMethodProcessor - Writing [Response(code=0000, info=成功, data=RecordIndexResponseDTO(userId=5, userName=daohaha, avatar=null, av (truncated)...]
26-06-07.11:47:34.327 [http-nio-8088-exec-8] DEBUG DispatcherServlet      - Completed 200 OK
26-06-07.11:47:35.857 [main            ] INFO  TomcatWebServer        - Tomcat initialized with port(s): 8088 (http)
26-06-07.11:47:35.867 [main            ] INFO  Http11NioProtocol      - Initializing ProtocolHandler ["http-nio-8088"]
26-06-07.11:47:35.869 [main            ] INFO  StandardService        - Starting service [Tomcat]
26-06-07.11:47:35.869 [main            ] INFO  StandardEngine         - Starting Servlet engine: [Apache Tomcat/9.0.75]
26-06-07.11:47:36.010 [main            ] INFO  [/]                    - Initializing Spring embedded WebApplicationContext
26-06-07.11:47:36.010 [main            ] INFO  ServletWebServerApplicationContext - Root WebApplicationContext: initialization completed in 1622 ms
26-06-07.11:47:37.209 [main            ] INFO  EndpointLinksResolver  - Exposing 1 endpoint(s) beneath base path '/actuator'
26-06-07.11:47:37.244 [main            ] INFO  Http11NioProtocol      - Starting ProtocolHandler ["http-nio-8088"]
26-06-07.11:47:37.248 [main            ] WARN  AnnotationConfigServletWebServerApplicationContext - Exception encountered during context initialization - cancelling refresh attempt: org.springframework.context.ApplicationContextException: Failed to start bean 'webServerStartStop'; nested exception is org.springframework.boot.web.server.PortInUseException: Port 8088 is already in use
26-06-07.11:47:37.254 [main            ] INFO  Http11NioProtocol      - Pausing ProtocolHandler ["http-nio-8088"]
26-06-07.11:47:37.256 [main            ] INFO  StandardService        - Stopping service [Tomcat]
26-06-07.11:47:37.261 [main            ] INFO  Http11NioProtocol      - Stopping ProtocolHandler ["http-nio-8088"]
26-06-07.11:47:37.262 [main            ] INFO  Http11NioProtocol      - Destroying ProtocolHandler ["http-nio-8088"]
26-06-07.11:47:37.274 [main            ] INFO  ConditionEvaluationReportLoggingListener - 

Error starting ApplicationContext. To display the conditions report re-run your application with 'debug' enabled.
26-06-07.11:47:37.294 [main            ] ERROR LoggingFailureAnalysisReporter - 

***************************
APPLICATION FAILED TO START
***************************

Description:

Web server failed to start. Port 8088 was already in use.

Action:

Identify and stop the process that's listening on port 8088 or configure this application to listen on another port.

26-06-07.11:47:40.309 [http-nio-8088-exec-9] DEBUG DispatcherServlet      - POST "/record/index/query_user_info", parameters={}
26-06-07.11:47:40.309 [http-nio-8088-exec-9] DEBUG RequestMappingHandlerMapping - Mapped to top.daoha.trigger.http.RecordIndexController#getIndexInfoAggregate(RecordIndexRequestDTO)
26-06-07.11:47:40.310 [http-nio-8088-exec-9] DEBUG RequestResponseBodyMethodProcessor - Read "application/json;charset=UTF-8" to [RecordIndexRequestDTO(userId=5)]
26-06-07.11:47:40.314 [http-nio-8088-exec-9] INFO  RecordIndexController  - 查询首页信息成功 userId=5
26-06-07.11:47:40.328 [http-nio-8088-exec-9] DEBUG RequestResponseBodyMethodProcessor - Using 'application/json', given [*/*] and supported [application/json, application/*+json, application/json, application/*+json]
26-06-07.11:47:40.328 [http-nio-8088-exec-9] DEBUG RequestResponseBodyMethodProcessor - Writing [Response(code=0000, info=成功, data=RecordIndexResponseDTO(userId=5, userName=daohaha, avatar=null, av (truncated)...]
26-06-07.11:47:40.329 [http-nio-8088-exec-9] DEBUG DispatcherServlet      - Completed 200 OK
26-06-07.11:50:12.122 [main            ] INFO  Application            - Starting Application using Java 17 on jjnice with PID 4208 (D:\自学\java学习\记录系统\record-me\record-me-app\target\classes started by 24209 in D:\自学\java学习\记录系统\record-me)
26-06-07.11:50:12.126 [main            ] INFO  Application            - The following 1 profile is active: "dev"
26-06-07.11:50:14.089 [main            ] INFO  TomcatWebServer        - Tomcat initialized with port(s): 8088 (http)
26-06-07.11:50:14.102 [main            ] INFO  Http11NioProtocol      - Initializing ProtocolHandler ["http-nio-8088"]
26-06-07.11:50:14.102 [main            ] INFO  StandardService        - Starting service [Tomcat]
26-06-07.11:50:14.102 [main            ] INFO  StandardEngine         - Starting Servlet engine: [Apache Tomcat/9.0.75]
26-06-07.11:50:14.218 [main            ] INFO  [/]                    - Initializing Spring embedded WebApplicationContext
26-06-07.11:50:14.219 [main            ] INFO  ServletWebServerApplicationContext - Root WebApplicationContext: initialization completed in 2031 ms
26-06-07.11:50:16.044 [main            ] INFO  EndpointLinksResolver  - Exposing 1 endpoint(s) beneath base path '/actuator'
26-06-07.11:50:16.090 [main            ] INFO  Http11NioProtocol      - Starting ProtocolHandler ["http-nio-8088"]
26-06-07.11:50:16.095 [main            ] WARN  AnnotationConfigServletWebServerApplicationContext - Exception encountered during context initialization - cancelling refresh attempt: org.springframework.context.ApplicationContextException: Failed to start bean 'webServerStartStop'; nested exception is org.springframework.boot.web.server.PortInUseException: Port 8088 is already in use
26-06-07.11:50:16.108 [main            ] INFO  Http11NioProtocol      - Pausing ProtocolHandler ["http-nio-8088"]
26-06-07.11:50:16.109 [main            ] INFO  StandardService        - Stopping service [Tomcat]
26-06-07.11:50:16.118 [main            ] INFO  Http11NioProtocol      - Stopping ProtocolHandler ["http-nio-8088"]
26-06-07.11:50:16.120 [main            ] INFO  Http11NioProtocol      - Destroying ProtocolHandler ["http-nio-8088"]
26-06-07.11:50:16.135 [main            ] INFO  ConditionEvaluationReportLoggingListener - 

Error starting ApplicationContext. To display the conditions report re-run your application with 'debug' enabled.
26-06-07.11:50:16.166 [main            ] ERROR LoggingFailureAnalysisReporter - 

***************************
APPLICATION FAILED TO START
***************************

Description:

Web server failed to start. Port 8088 was already in use.

Action:

Identify and stop the process that's listening on port 8088 or configure this application to listen on another port.

26-06-07.11:50:36.167 [main            ] INFO  Application            - Starting Application using Java 17 on jjnice with PID 31792 (D:\自学\java学习\记录系统\record-me\record-me-app\target\classes started by 24209 in D:\自学\java学习\记录系统\record-me)
26-06-07.11:50:36.169 [main            ] INFO  Application            - The following 1 profile is active: "dev"
26-06-07.11:50:37.586 [main            ] INFO  TomcatWebServer        - Tomcat initialized with port(s): 8088 (http)
26-06-07.11:50:37.727 [main            ] INFO  ServletWebServerApplicationContext - Root WebApplicationContext: initialization completed in 1513 ms
26-06-07.11:50:38.707 [main            ] INFO  EndpointLinksResolver  - Exposing 1 endpoint(s) beneath base path '/actuator'
26-06-07.11:50:38.738 [main            ] WARN  AnnotationConfigServletWebServerApplicationContext - Exception encountered during context initialization - cancelling refresh attempt: org.springframework.context.ApplicationContextException: Failed to start bean 'webServerStartStop'; nested exception is org.springframework.boot.web.server.PortInUseException: Port 8088 is already in use
26-06-07.11:51:28.543 [main            ] INFO  Application            - Starting Application using Java 17 on jjnice with PID 4376 (D:\自学\java学习\记录系统\record-me\record-me-app\target\classes started by 24209 in D:\自学\java学习\记录系统\record-me)
26-06-07.11:51:28.546 [main            ] INFO  Application            - The following 1 profile is active: "dev"
26-06-07.11:51:29.701 [main            ] INFO  TomcatWebServer        - Tomcat initialized with port(s): 8088 (http)
26-06-07.11:51:29.711 [main            ] INFO  Http11NioProtocol      - Initializing ProtocolHandler ["http-nio-8088"]
26-06-07.11:51:29.711 [main            ] INFO  StandardService        - Starting service [Tomcat]
26-06-07.11:51:29.711 [main            ] INFO  StandardEngine         - Starting Servlet engine: [Apache Tomcat/9.0.75]
26-06-07.11:51:29.826 [main            ] INFO  [/]                    - Initializing Spring embedded WebApplicationContext
26-06-07.11:51:29.828 [main            ] INFO  ServletWebServerApplicationContext - Root WebApplicationContext: initialization completed in 1235 ms
26-06-07.11:51:30.739 [main            ] INFO  EndpointLinksResolver  - Exposing 1 endpoint(s) beneath base path '/actuator'
26-06-07.11:51:30.766 [main            ] INFO  Http11NioProtocol      - Starting ProtocolHandler ["http-nio-8088"]
26-06-07.11:51:30.786 [main            ] INFO  TomcatWebServer        - Tomcat started on port(s): 8088 (http) with context path ''
26-06-07.11:51:30.801 [main            ] INFO  Application            - Started Application in 2.77 seconds (JVM running for 3.335)
26-06-07.11:51:31.259 [RMI TCP Connection(4)-172.22.22.159] INFO  [/]                    - Initializing Spring DispatcherServlet 'dispatcherServlet'
26-06-07.11:51:31.259 [RMI TCP Connection(4)-172.22.22.159] INFO  DispatcherServlet      - Initializing Servlet 'dispatcherServlet'
26-06-07.11:51:31.261 [RMI TCP Connection(4)-172.22.22.159] INFO  DispatcherServlet      - Completed initialization in 1 ms
26-06-07.11:51:31.275 [RMI TCP Connection(5)-172.22.22.159] INFO  HikariDataSource       - HikariPool-1 - Starting...
26-06-07.11:51:31.661 [RMI TCP Connection(5)-172.22.22.159] INFO  HikariDataSource       - HikariPool-1 - Start completed.
26-06-07.11:51:32.068 [http-nio-8088-exec-1] INFO  RecordIndexController  - 查询首页信息成功 userId=5
26-06-07.11:51:49.040 [http-nio-8088-exec-2] INFO  RecordIndexController  - 查询首页信息成功 userId=5
26-06-07.11:51:50.211 [http-nio-8088-exec-3] INFO  RecordIndexController  - 查询首页信息成功 userId=5
26-06-07.11:51:50.459 [http-nio-8088-exec-6] INFO  RecordIndexController  - 查询首页信息成功 userId=5
26-06-07.11:51:51.205 [http-nio-8088-exec-5] INFO  RecordIndexController  - 查询首页信息成功 userId=5
26-06-07.11:54:47.835 [http-nio-8088-exec-7] INFO  RecordIndexController  - 查询首页信息成功 userId=5
26-06-07.14:31:49.195 [SpringApplicationShutdownHook] INFO  HikariDataSource       - HikariPool-1 - Shutdown initiated...
26-06-07.14:31:49.202 [SpringApplicationShutdownHook] INFO  HikariDataSource       - HikariPool-1 - Shutdown completed.
26-06-07.16:10:59.331 [main            ] INFO  Application            - Starting Application using Java 17 on jjnice with PID 37160 (D:\自学\java学习\记录系统\record-me\record-me-app\target\classes started by 24209 in D:\自学\java学习\记录系统\record-me)
26-06-07.16:10:59.334 [main            ] INFO  Application            - The following 1 profile is active: "dev"
26-06-07.16:11:00.925 [main            ] INFO  TomcatWebServer        - Tomcat initialized with port(s): 8088 (http)
26-06-07.16:11:00.939 [main            ] INFO  Http11NioProtocol      - Initializing ProtocolHandler ["http-nio-8088"]
26-06-07.16:11:00.940 [main            ] INFO  StandardService        - Starting service [Tomcat]
26-06-07.16:11:00.940 [main            ] INFO  StandardEngine         - Starting Servlet engine: [Apache Tomcat/9.0.75]
26-06-07.16:11:01.088 [main            ] INFO  [/]                    - Initializing Spring embedded WebApplicationContext
26-06-07.16:11:01.088 [main            ] INFO  ServletWebServerApplicationContext - Root WebApplicationContext: initialization completed in 1694 ms
26-06-07.16:11:02.350 [main            ] INFO  EndpointLinksResolver  - Exposing 1 endpoint(s) beneath base path '/actuator'
26-06-07.16:11:02.382 [main            ] INFO  Http11NioProtocol      - Starting ProtocolHandler ["http-nio-8088"]
26-06-07.16:11:02.408 [main            ] INFO  TomcatWebServer        - Tomcat started on port(s): 8088 (http) with context path ''
26-06-07.16:11:02.426 [main            ] INFO  Application            - Started Application in 3.778 seconds (JVM running for 4.562)
26-06-07.16:11:02.500 [RMI TCP Connection(2)-172.22.22.159] INFO  [/]                    - Initializing Spring DispatcherServlet 'dispatcherServlet'
26-06-07.16:11:02.501 [RMI TCP Connection(2)-172.22.22.159] INFO  DispatcherServlet      - Initializing Servlet 'dispatcherServlet'
26-06-07.16:11:02.503 [RMI TCP Connection(2)-172.22.22.159] INFO  DispatcherServlet      - Completed initialization in 2 ms
26-06-07.16:11:02.545 [RMI TCP Connection(4)-172.22.22.159] INFO  HikariDataSource       - HikariPool-1 - Starting...
26-06-07.16:11:03.210 [RMI TCP Connection(4)-172.22.22.159] INFO  HikariDataSource       - HikariPool-1 - Start completed.
26-06-07.16:11:58.004 [http-nio-8088-exec-1] INFO  RecordIndexController  - 查询日常状态成功 userId=5, cycleId=8, recordId=7
26-06-07.16:25:02.372 [SpringApplicationShutdownHook] INFO  HikariDataSource       - HikariPool-1 - Shutdown initiated...
26-06-07.16:25:02.379 [SpringApplicationShutdownHook] INFO  HikariDataSource       - HikariPool-1 - Shutdown completed.
26-06-07.19:55:46.614 [main            ] INFO  Application            - Starting Application using Java 17 on jjnice with PID 40344 (D:\自学\java学习\记录系统\record-me\record-me-app\target\classes started by 24209 in D:\自学\java学习\记录系统\record-me)
26-06-07.19:55:46.617 [main            ] INFO  Application            - The following 1 profile is active: "dev"
26-06-07.19:55:47.958 [main            ] INFO  TomcatWebServer        - Tomcat initialized with port(s): 8088 (http)
26-06-07.19:55:47.970 [main            ] INFO  Http11NioProtocol      - Initializing ProtocolHandler ["http-nio-8088"]
26-06-07.19:55:47.970 [main            ] INFO  StandardService        - Starting service [Tomcat]
26-06-07.19:55:47.970 [main            ] INFO  StandardEngine         - Starting Servlet engine: [Apache Tomcat/9.0.75]
26-06-07.19:55:48.094 [main            ] INFO  [/]                    - Initializing Spring embedded WebApplicationContext
26-06-07.19:55:48.094 [main            ] INFO  ServletWebServerApplicationContext - Root WebApplicationContext: initialization completed in 1430 ms
26-06-07.19:55:49.214 [main            ] INFO  EndpointLinksResolver  - Exposing 1 endpoint(s) beneath base path '/actuator'
26-06-07.19:55:49.247 [main            ] INFO  Http11NioProtocol      - Starting ProtocolHandler ["http-nio-8088"]
26-06-07.19:55:49.274 [main            ] INFO  TomcatWebServer        - Tomcat started on port(s): 8088 (http) with context path ''
26-06-07.19:55:49.294 [main            ] INFO  Application            - Started Application in 3.256 seconds (JVM running for 4.058)
26-06-07.19:55:49.798 [RMI TCP Connection(3)-172.22.22.159] INFO  [/]                    - Initializing Spring DispatcherServlet 'dispatcherServlet'
26-06-07.19:55:49.799 [RMI TCP Connection(3)-172.22.22.159] INFO  DispatcherServlet      - Initializing Servlet 'dispatcherServlet'
26-06-07.19:55:49.801 [RMI TCP Connection(3)-172.22.22.159] INFO  DispatcherServlet      - Completed initialization in 2 ms
26-06-07.19:55:49.803 [RMI TCP Connection(1)-172.22.22.159] INFO  HikariDataSource       - HikariPool-1 - Starting...
26-06-07.19:55:50.361 [RMI TCP Connection(1)-172.22.22.159] INFO  HikariDataSource       - HikariPool-1 - Start completed.
26-06-07.19:56:10.281 [http-nio-8088-exec-1] INFO  RecordIndexController  - 查询首页信息成功 userId=1
26-06-07.19:57:29.199 [http-nio-8088-exec-3] INFO  RecordIndexController  - 查询日常状态成功 userId=5, cycleId=8, recordId=7
26-06-07.19:57:40.989 [http-nio-8088-exec-4] INFO  RecordIndexController  - 查询日常状态成功 userId=5, cycleId=8, recordId=7
26-06-07.20:04:37.637 [http-nio-8088-exec-6] INFO  RecordIndexController  - 查询首页信息成功 userId=1
26-06-07.20:04:42.170 [SpringApplicationShutdownHook] INFO  HikariDataSource       - HikariPool-1 - Shutdown initiated...
26-06-07.20:04:42.191 [SpringApplicationShutdownHook] INFO  HikariDataSource       - HikariPool-1 - Shutdown completed.
26-06-07.20:04:50.659 [main            ] INFO  Application            - Starting Application using Java 17 on jjnice with PID 32332 (D:\自学\java学习\记录系统\record-me\record-me-app\target\classes started by 24209 in D:\自学\java学习\记录系统\record-me)
26-06-07.20:04:50.662 [main            ] INFO  Application            - The following 1 profile is active: "dev"
26-06-07.20:04:52.173 [main            ] INFO  TomcatWebServer        - Tomcat initialized with port(s): 8088 (http)
26-06-07.20:04:52.184 [main            ] INFO  Http11NioProtocol      - Initializing ProtocolHandler ["http-nio-8088"]
26-06-07.20:04:52.184 [main            ] INFO  StandardService        - Starting service [Tomcat]
26-06-07.20:04:52.184 [main            ] INFO  StandardEngine         - Starting Servlet engine: [Apache Tomcat/9.0.75]
26-06-07.20:04:52.318 [main            ] INFO  [/]                    - Initializing Spring embedded WebApplicationContext
26-06-07.20:04:52.319 [main            ] INFO  ServletWebServerApplicationContext - Root WebApplicationContext: initialization completed in 1602 ms
26-06-07.20:04:53.443 [main            ] INFO  EndpointLinksResolver  - Exposing 1 endpoint(s) beneath base path '/actuator'
26-06-07.20:04:53.477 [main            ] INFO  Http11NioProtocol      - Starting ProtocolHandler ["http-nio-8088"]
26-06-07.20:04:53.502 [main            ] INFO  TomcatWebServer        - Tomcat started on port(s): 8088 (http) with context path ''
26-06-07.20:04:53.523 [main            ] INFO  Application            - Started Application in 3.391 seconds (JVM running for 3.972)
26-06-07.20:04:53.589 [RMI TCP Connection(3)-172.22.22.159] INFO  HikariDataSource       - HikariPool-1 - Starting...
26-06-07.20:04:53.608 [RMI TCP Connection(5)-172.22.22.159] INFO  [/]                    - Initializing Spring DispatcherServlet 'dispatcherServlet'
26-06-07.20:04:53.608 [RMI TCP Connection(5)-172.22.22.159] INFO  DispatcherServlet      - Initializing Servlet 'dispatcherServlet'
26-06-07.20:04:53.609 [RMI TCP Connection(5)-172.22.22.159] INFO  DispatcherServlet      - Completed initialization in 1 ms
26-06-07.20:04:53.969 [RMI TCP Connection(3)-172.22.22.159] INFO  HikariDataSource       - HikariPool-1 - Start completed.
26-06-07.20:04:54.741 [http-nio-8088-exec-1] INFO  RecordIndexController  - 查询首页信息成功 userId=1
26-06-07.20:09:58.846 [http-nio-8088-exec-3] WARN  RecordIndexController  - 更新日常状态失败 recordId=0
26-06-07.20:10:49.514 [http-nio-8088-exec-4] INFO  RecordIndexController  - 更新日常状态成功 recordId=7
26-06-07.20:11:01.932 [http-nio-8088-exec-5] INFO  RecordIndexController  - 更新日常状态成功 recordId=7
26-06-07.20:57:12.522 [http-nio-8088-exec-8] INFO  RecordIndexController  - 查询首页信息成功 userId=5
26-06-07.20:57:26.599 [http-nio-8088-exec-9] INFO  RecordIndexController  - 查询首页信息成功 userId=5
26-06-07.21:04:06.400 [http-nio-8088-exec-1] ERROR [dispatcherServlet]    - Servlet.service() for servlet [dispatcherServlet] in context with path [] threw exception [Handler dispatch failed; nested exception is java.lang.NoSuchMethodError: 'top.daoha.api.dto.SymptomResponseDTO$SymptomResponseDTOBuilder top.daoha.api.dto.SymptomResponseDTO$SymptomResponseDTOBuilder.flowLevel(java.lang.String)'] with root cause
java.lang.NoSuchMethodError: 'top.daoha.api.dto.SymptomResponseDTO$SymptomResponseDTOBuilder top.daoha.api.dto.SymptomResponseDTO$SymptomResponseDTOBuilder.flowLevel(java.lang.String)'
	at top.daoha.trigger.http.RecordIndexController.getSymptom(RecordIndexController.java:219)
	at java.base/jdk.internal.reflect.NativeMethodAccessorImpl.invoke0(Native Method)
	at java.base/jdk.internal.reflect.NativeMethodAccessorImpl.invoke(NativeMethodAccessorImpl.java:77)
	at java.base/jdk.internal.reflect.DelegatingMethodAccessorImpl.invoke(DelegatingMethodAccessorImpl.java:43)
	at java.base/java.lang.reflect.Method.invoke(Method.java:568)
	at org.springframework.web.method.support.InvocableHandlerMethod.doInvoke(InvocableHandlerMethod.java:205)
	at org.springframework.web.method.support.InvocableHandlerMethod.invokeForRequest(InvocableHandlerMethod.java:150)
	at org.springframework.web.servlet.mvc.method.annotation.ServletInvocableHandlerMethod.invokeAndHandle(ServletInvocableHandlerMethod.java:117)
	at org.springframework.web.servlet.mvc.method.annotation.RequestMappingHandlerAdapter.invokeHandlerMethod(RequestMappingHandlerAdapter.java:895)
	at org.springframework.web.servlet.mvc.method.annotation.RequestMappingHandlerAdapter.handleInternal(RequestMappingHandlerAdapter.java:808)
	at org.springframework.web.servlet.mvc.method.AbstractHandlerMethodAdapter.handle(AbstractHandlerMethodAdapter.java:87)
	at org.springframework.web.servlet.DispatcherServlet.doDispatch(DispatcherServlet.java:1072)
	at org.springframework.web.servlet.DispatcherServlet.doService(DispatcherServlet.java:965)
	at org.springframework.web.servlet.FrameworkServlet.processRequest(FrameworkServlet.java:1006)
	at org.springframework.web.servlet.FrameworkServlet.doPost(FrameworkServlet.java:909)
	at javax.servlet.http.HttpServlet.service(HttpServlet.java:555)
	at org.springframework.web.servlet.FrameworkServlet.service(FrameworkServlet.java:883)
	at javax.servlet.http.HttpServlet.service(HttpServlet.java:623)
	at org.apache.catalina.core.ApplicationFilterChain.internalDoFilter(ApplicationFilterChain.java:209)
	at org.apache.catalina.core.ApplicationFilterChain.doFilter(ApplicationFilterChain.java:153)
	at org.apache.tomcat.websocket.server.WsFilter.doFilter(WsFilter.java:51)
	at org.apache.catalina.core.ApplicationFilterChain.internalDoFilter(ApplicationFilterChain.java:178)
	at org.apache.catalina.core.ApplicationFilterChain.doFilter(ApplicationFilterChain.java:153)
	at org.springframework.web.filter.RequestContextFilter.doFilterInternal(RequestContextFilter.java:100)
	at org.springframework.web.filter.OncePerRequestFilter.doFilter(OncePerRequestFilter.java:117)
	at org.apache.catalina.core.ApplicationFilterChain.internalDoFilter(ApplicationFilterChain.java:178)
	at org.apache.catalina.core.ApplicationFilterChain.doFilter(ApplicationFilterChain.java:153)
	at org.springframework.web.filter.FormContentFilter.doFilterInternal(FormContentFilter.java:93)
	at org.springframework.web.filter.OncePerRequestFilter.doFilter(OncePerRequestFilter.java:117)
	at org.apache.catalina.core.ApplicationFilterChain.internalDoFilter(ApplicationFilterChain.java:178)
	at org.apache.catalina.core.ApplicationFilterChain.doFilter(ApplicationFilterChain.java:153)
	at org.springframework.boot.actuate.metrics.web.servlet.WebMvcMetricsFilter.doFilterInternal(WebMvcMetricsFilter.java:96)
	at org.springframework.web.filter.OncePerRequestFilter.doFilter(OncePerRequestFilter.java:117)
	at org.apache.catalina.core.ApplicationFilterChain.internalDoFilter(ApplicationFilterChain.java:178)
	at org.apache.catalina.core.ApplicationFilterChain.doFilter(ApplicationFilterChain.java:153)
	at org.springframework.web.filter.CharacterEncodingFilter.doFilterInternal(CharacterEncodingFilter.java:201)
	at org.springframework.web.filter.OncePerRequestFilter.doFilter(OncePerRequestFilter.java:117)
	at org.apache.catalina.core.ApplicationFilterChain.internalDoFilter(ApplicationFilterChain.java:178)
	at org.apache.catalina.core.ApplicationFilterChain.doFilter(ApplicationFilterChain.java:153)
	at org.apache.catalina.core.StandardWrapperValve.invoke(StandardWrapperValve.java:167)
	at org.apache.catalina.core.StandardContextValve.invoke(StandardContextValve.java:90)
	at org.apache.catalina.authenticator.AuthenticatorBase.invoke(AuthenticatorBase.java:481)
	at org.apache.catalina.core.StandardHostValve.invoke(StandardHostValve.java:130)
	at org.apache.catalina.valves.ErrorReportValve.invoke(ErrorReportValve.java:93)
	at org.apache.catalina.core.StandardEngineValve.invoke(StandardEngineValve.java:74)
	at org.apache.catalina.connector.CoyoteAdapter.service(CoyoteAdapter.java:343)
	at org.apache.coyote.http11.Http11Processor.service(Http11Processor.java:390)
	at org.apache.coyote.AbstractProcessorLight.process(AbstractProcessorLight.java:63)
	at org.apache.coyote.AbstractProtocol$ConnectionHandler.process(AbstractProtocol.java:926)
	at org.apache.tomcat.util.net.NioEndpoint$SocketProcessor.doRun(NioEndpoint.java:1791)
	at org.apache.tomcat.util.net.SocketProcessorBase.run(SocketProcessorBase.java:52)
	at org.apache.tomcat.util.threads.ThreadPoolExecutor.runWorker(ThreadPoolExecutor.java:1191)
	at org.apache.tomcat.util.threads.ThreadPoolExecutor$Worker.run(ThreadPoolExecutor.java:659)
	at org.apache.tomcat.util.threads.TaskThread$WrappingRunnable.run(TaskThread.java:61)
	at java.base/java.lang.Thread.run(Thread.java:833)
26-06-07.21:04:24.781 [http-nio-8088-exec-2] ERROR [dispatcherServlet]    - Servlet.service() for servlet [dispatcherServlet] in context with path [] threw exception [Handler dispatch failed; nested exception is java.lang.NoSuchMethodError: 'top.daoha.api.dto.SymptomResponseDTO$SymptomResponseDTOBuilder top.daoha.api.dto.SymptomResponseDTO$SymptomResponseDTOBuilder.flowLevel(java.lang.String)'] with root cause
java.lang.NoSuchMethodError: 'top.daoha.api.dto.SymptomResponseDTO$SymptomResponseDTOBuilder top.daoha.api.dto.SymptomResponseDTO$SymptomResponseDTOBuilder.flowLevel(java.lang.String)'
	at top.daoha.trigger.http.RecordIndexController.getSymptom(RecordIndexController.java:219)
	at java.base/jdk.internal.reflect.NativeMethodAccessorImpl.invoke0(Native Method)
	at java.base/jdk.internal.reflect.NativeMethodAccessorImpl.invoke(NativeMethodAccessorImpl.java:77)
	at java.base/jdk.internal.reflect.DelegatingMethodAccessorImpl.invoke(DelegatingMethodAccessorImpl.java:43)
	at java.base/java.lang.reflect.Method.invoke(Method.java:568)
	at org.springframework.web.method.support.InvocableHandlerMethod.doInvoke(InvocableHandlerMethod.java:205)
	at org.springframework.web.method.support.InvocableHandlerMethod.invokeForRequest(InvocableHandlerMethod.java:150)
	at org.springframework.web.servlet.mvc.method.annotation.ServletInvocableHandlerMethod.invokeAndHandle(ServletInvocableHandlerMethod.java:117)
	at org.springframework.web.servlet.mvc.method.annotation.RequestMappingHandlerAdapter.invokeHandlerMethod(RequestMappingHandlerAdapter.java:895)
	at org.springframework.web.servlet.mvc.method.annotation.RequestMappingHandlerAdapter.handleInternal(RequestMappingHandlerAdapter.java:808)
	at org.springframework.web.servlet.mvc.method.AbstractHandlerMethodAdapter.handle(AbstractHandlerMethodAdapter.java:87)
	at org.springframework.web.servlet.DispatcherServlet.doDispatch(DispatcherServlet.java:1072)
	at org.springframework.web.servlet.DispatcherServlet.doService(DispatcherServlet.java:965)
	at org.springframework.web.servlet.FrameworkServlet.processRequest(FrameworkServlet.java:1006)
	at org.springframework.web.servlet.FrameworkServlet.doPost(FrameworkServlet.java:909)
	at javax.servlet.http.HttpServlet.service(HttpServlet.java:555)
	at org.springframework.web.servlet.FrameworkServlet.service(FrameworkServlet.java:883)
	at javax.servlet.http.HttpServlet.service(HttpServlet.java:623)
	at org.apache.catalina.core.ApplicationFilterChain.internalDoFilter(ApplicationFilterChain.java:209)
	at org.apache.catalina.core.ApplicationFilterChain.doFilter(ApplicationFilterChain.java:153)
	at org.apache.tomcat.websocket.server.WsFilter.doFilter(WsFilter.java:51)
	at org.apache.catalina.core.ApplicationFilterChain.internalDoFilter(ApplicationFilterChain.java:178)
	at org.apache.catalina.core.ApplicationFilterChain.doFilter(ApplicationFilterChain.java:153)
	at org.springframework.web.filter.RequestContextFilter.doFilterInternal(RequestContextFilter.java:100)
	at org.springframework.web.filter.OncePerRequestFilter.doFilter(OncePerRequestFilter.java:117)
	at org.apache.catalina.core.ApplicationFilterChain.internalDoFilter(ApplicationFilterChain.java:178)
	at org.apache.catalina.core.ApplicationFilterChain.doFilter(ApplicationFilterChain.java:153)
	at org.springframework.web.filter.FormContentFilter.doFilterInternal(FormContentFilter.java:93)
	at org.springframework.web.filter.OncePerRequestFilter.doFilter(OncePerRequestFilter.java:117)
	at org.apache.catalina.core.ApplicationFilterChain.internalDoFilter(ApplicationFilterChain.java:178)
	at org.apache.catalina.core.ApplicationFilterChain.doFilter(ApplicationFilterChain.java:153)
	at org.springframework.boot.actuate.metrics.web.servlet.WebMvcMetricsFilter.doFilterInternal(WebMvcMetricsFilter.java:96)
	at org.springframework.web.filter.OncePerRequestFilter.doFilter(OncePerRequestFilter.java:117)
	at org.apache.catalina.core.ApplicationFilterChain.internalDoFilter(ApplicationFilterChain.java:178)
	at org.apache.catalina.core.ApplicationFilterChain.doFilter(ApplicationFilterChain.java:153)
	at org.springframework.web.filter.CharacterEncodingFilter.doFilterInternal(CharacterEncodingFilter.java:201)
	at org.springframework.web.filter.OncePerRequestFilter.doFilter(OncePerRequestFilter.java:117)
	at org.apache.catalina.core.ApplicationFilterChain.internalDoFilter(ApplicationFilterChain.java:178)
	at org.apache.catalina.core.ApplicationFilterChain.doFilter(ApplicationFilterChain.java:153)
	at org.apache.catalina.core.StandardWrapperValve.invoke(StandardWrapperValve.java:167)
	at org.apache.catalina.core.StandardContextValve.invoke(StandardContextValve.java:90)
	at org.apache.catalina.authenticator.AuthenticatorBase.invoke(AuthenticatorBase.java:481)
	at org.apache.catalina.core.StandardHostValve.invoke(StandardHostValve.java:130)
	at org.apache.catalina.valves.ErrorReportValve.invoke(ErrorReportValve.java:93)
	at org.apache.catalina.core.StandardEngineValve.invoke(StandardEngineValve.java:74)
	at org.apache.catalina.connector.CoyoteAdapter.service(CoyoteAdapter.java:343)
	at org.apache.coyote.http11.Http11Processor.service(Http11Processor.java:390)
	at org.apache.coyote.AbstractProcessorLight.process(AbstractProcessorLight.java:63)
	at org.apache.coyote.AbstractProtocol$ConnectionHandler.process(AbstractProtocol.java:926)
	at org.apache.tomcat.util.net.NioEndpoint$SocketProcessor.doRun(NioEndpoint.java:1791)
	at org.apache.tomcat.util.net.SocketProcessorBase.run(SocketProcessorBase.java:52)
	at org.apache.tomcat.util.threads.ThreadPoolExecutor.runWorker(ThreadPoolExecutor.java:1191)
	at org.apache.tomcat.util.threads.ThreadPoolExecutor$Worker.run(ThreadPoolExecutor.java:659)
	at org.apache.tomcat.util.threads.TaskThread$WrappingRunnable.run(TaskThread.java:61)
	at java.base/java.lang.Thread.run(Thread.java:833)
26-06-07.21:04:40.016 [http-nio-8088-exec-3] ERROR [dispatcherServlet]    - Servlet.service() for servlet [dispatcherServlet] in context with path [] threw exception [Handler dispatch failed; nested exception is java.lang.NoSuchMethodError: 'top.daoha.api.dto.SymptomResponseDTO$SymptomResponseDTOBuilder top.daoha.api.dto.SymptomResponseDTO$SymptomResponseDTOBuilder.flowLevel(java.lang.String)'] with root cause
java.lang.NoSuchMethodError: 'top.daoha.api.dto.SymptomResponseDTO$SymptomResponseDTOBuilder top.daoha.api.dto.SymptomResponseDTO$SymptomResponseDTOBuilder.flowLevel(java.lang.String)'
	at top.daoha.trigger.http.RecordIndexController.getSymptom(RecordIndexController.java:219)
	at java.base/jdk.internal.reflect.NativeMethodAccessorImpl.invoke0(Native Method)
	at java.base/jdk.internal.reflect.NativeMethodAccessorImpl.invoke(NativeMethodAccessorImpl.java:77)
	at java.base/jdk.internal.reflect.DelegatingMethodAccessorImpl.invoke(DelegatingMethodAccessorImpl.java:43)
	at java.base/java.lang.reflect.Method.invoke(Method.java:568)
	at org.springframework.web.method.support.InvocableHandlerMethod.doInvoke(InvocableHandlerMethod.java:205)
	at org.springframework.web.method.support.InvocableHandlerMethod.invokeForRequest(InvocableHandlerMethod.java:150)
	at org.springframework.web.servlet.mvc.method.annotation.ServletInvocableHandlerMethod.invokeAndHandle(ServletInvocableHandlerMethod.java:117)
	at org.springframework.web.servlet.mvc.method.annotation.RequestMappingHandlerAdapter.invokeHandlerMethod(RequestMappingHandlerAdapter.java:895)
	at org.springframework.web.servlet.mvc.method.annotation.RequestMappingHandlerAdapter.handleInternal(RequestMappingHandlerAdapter.java:808)
	at org.springframework.web.servlet.mvc.method.AbstractHandlerMethodAdapter.handle(AbstractHandlerMethodAdapter.java:87)
	at org.springframework.web.servlet.DispatcherServlet.doDispatch(DispatcherServlet.java:1072)
	at org.springframework.web.servlet.DispatcherServlet.doService(DispatcherServlet.java:965)
	at org.springframework.web.servlet.FrameworkServlet.processRequest(FrameworkServlet.java:1006)
	at org.springframework.web.servlet.FrameworkServlet.doPost(FrameworkServlet.java:909)
	at javax.servlet.http.HttpServlet.service(HttpServlet.java:555)
	at org.springframework.web.servlet.FrameworkServlet.service(FrameworkServlet.java:883)
	at javax.servlet.http.HttpServlet.service(HttpServlet.java:623)
	at org.apache.catalina.core.ApplicationFilterChain.internalDoFilter(ApplicationFilterChain.java:209)
	at org.apache.catalina.core.ApplicationFilterChain.doFilter(ApplicationFilterChain.java:153)
	at org.apache.tomcat.websocket.server.WsFilter.doFilter(WsFilter.java:51)
	at org.apache.catalina.core.ApplicationFilterChain.internalDoFilter(ApplicationFilterChain.java:178)
	at org.apache.catalina.core.ApplicationFilterChain.doFilter(ApplicationFilterChain.java:153)
	at org.springframework.web.filter.RequestContextFilter.doFilterInternal(RequestContextFilter.java:100)
	at org.springframework.web.filter.OncePerRequestFilter.doFilter(OncePerRequestFilter.java:117)
	at org.apache.catalina.core.ApplicationFilterChain.internalDoFilter(ApplicationFilterChain.java:178)
	at org.apache.catalina.core.ApplicationFilterChain.doFilter(ApplicationFilterChain.java:153)
	at org.springframework.web.filter.FormContentFilter.doFilterInternal(FormContentFilter.java:93)
	at org.springframework.web.filter.OncePerRequestFilter.doFilter(OncePerRequestFilter.java:117)
	at org.apache.catalina.core.ApplicationFilterChain.internalDoFilter(ApplicationFilterChain.java:178)
	at org.apache.catalina.core.ApplicationFilterChain.doFilter(ApplicationFilterChain.java:153)
	at org.springframework.boot.actuate.metrics.web.servlet.WebMvcMetricsFilter.doFilterInternal(WebMvcMetricsFilter.java:96)
	at org.springframework.web.filter.OncePerRequestFilter.doFilter(OncePerRequestFilter.java:117)
	at org.apache.catalina.core.ApplicationFilterChain.internalDoFilter(ApplicationFilterChain.java:178)
	at org.apache.catalina.core.ApplicationFilterChain.doFilter(ApplicationFilterChain.java:153)
	at org.springframework.web.filter.CharacterEncodingFilter.doFilterInternal(CharacterEncodingFilter.java:201)
	at org.springframework.web.filter.OncePerRequestFilter.doFilter(OncePerRequestFilter.java:117)
	at org.apache.catalina.core.ApplicationFilterChain.internalDoFilter(ApplicationFilterChain.java:178)
	at org.apache.catalina.core.ApplicationFilterChain.doFilter(ApplicationFilterChain.java:153)
	at org.apache.catalina.core.StandardWrapperValve.invoke(StandardWrapperValve.java:167)
	at org.apache.catalina.core.StandardContextValve.invoke(StandardContextValve.java:90)
	at org.apache.catalina.authenticator.AuthenticatorBase.invoke(AuthenticatorBase.java:481)
	at org.apache.catalina.core.StandardHostValve.invoke(StandardHostValve.java:130)
	at org.apache.catalina.valves.ErrorReportValve.invoke(ErrorReportValve.java:93)
	at org.apache.catalina.core.StandardEngineValve.invoke(StandardEngineValve.java:74)
	at org.apache.catalina.connector.CoyoteAdapter.service(CoyoteAdapter.java:343)
	at org.apache.coyote.http11.Http11Processor.service(Http11Processor.java:390)
	at org.apache.coyote.AbstractProcessorLight.process(AbstractProcessorLight.java:63)
	at org.apache.coyote.AbstractProtocol$ConnectionHandler.process(AbstractProtocol.java:926)
	at org.apache.tomcat.util.net.NioEndpoint$SocketProcessor.doRun(NioEndpoint.java:1791)
	at org.apache.tomcat.util.net.SocketProcessorBase.run(SocketProcessorBase.java:52)
	at org.apache.tomcat.util.threads.ThreadPoolExecutor.runWorker(ThreadPoolExecutor.java:1191)
	at org.apache.tomcat.util.threads.ThreadPoolExecutor$Worker.run(ThreadPoolExecutor.java:659)
	at org.apache.tomcat.util.threads.TaskThread$WrappingRunnable.run(TaskThread.java:61)
	at java.base/java.lang.Thread.run(Thread.java:833)
26-06-07.21:04:49.991 [SpringApplicationShutdownHook] INFO  HikariDataSource       - HikariPool-1 - Shutdown initiated...
26-06-07.21:04:49.996 [SpringApplicationShutdownHook] INFO  HikariDataSource       - HikariPool-1 - Shutdown completed.
26-06-07.21:04:57.787 [main            ] INFO  Application            - Starting Application using Java 17 on jjnice with PID 40064 (D:\自学\java学习\记录系统\record-me\record-me-app\target\classes started by 24209 in D:\自学\java学习\记录系统\record-me)
26-06-07.21:04:57.788 [main            ] INFO  Application            - The following 1 profile is active: "dev"
26-06-07.21:04:59.260 [main            ] INFO  TomcatWebServer        - Tomcat initialized with port(s): 8088 (http)
26-06-07.21:04:59.271 [main            ] INFO  Http11NioProtocol      - Initializing ProtocolHandler ["http-nio-8088"]
26-06-07.21:04:59.272 [main            ] INFO  StandardService        - Starting service [Tomcat]
26-06-07.21:04:59.272 [main            ] INFO  StandardEngine         - Starting Servlet engine: [Apache Tomcat/9.0.75]
26-06-07.21:04:59.401 [main            ] INFO  [/]                    - Initializing Spring embedded WebApplicationContext
26-06-07.21:04:59.402 [main            ] INFO  ServletWebServerApplicationContext - Root WebApplicationContext: initialization completed in 1572 ms
26-06-07.21:05:00.605 [main            ] INFO  EndpointLinksResolver  - Exposing 1 endpoint(s) beneath base path '/actuator'
26-06-07.21:05:00.641 [main            ] INFO  Http11NioProtocol      - Starting ProtocolHandler ["http-nio-8088"]
26-06-07.21:05:00.666 [main            ] INFO  TomcatWebServer        - Tomcat started on port(s): 8088 (http) with context path ''
26-06-07.21:05:00.685 [main            ] INFO  Application            - Started Application in 3.468 seconds (JVM running for 4.216)
26-06-07.21:05:00.997 [RMI TCP Connection(3)-172.22.22.159] INFO  [/]                    - Initializing Spring DispatcherServlet 'dispatcherServlet'
26-06-07.21:05:00.997 [RMI TCP Connection(3)-172.22.22.159] INFO  DispatcherServlet      - Initializing Servlet 'dispatcherServlet'
26-06-07.21:05:00.999 [RMI TCP Connection(3)-172.22.22.159] INFO  DispatcherServlet      - Completed initialization in 2 ms
26-06-07.21:05:01.000 [RMI TCP Connection(2)-172.22.22.159] INFO  HikariDataSource       - HikariPool-1 - Starting...
26-06-07.21:05:01.624 [RMI TCP Connection(2)-172.22.22.159] INFO  HikariDataSource       - HikariPool-1 - Start completed.
26-06-07.21:05:02.170 [http-nio-8088-exec-1] INFO  RecordIndexController  - 查询日常状态成功 userId=5, cycleId=8, recordId=7
26-06-07.21:19:27.565 [SpringApplicationShutdownHook] INFO  HikariDataSource       - HikariPool-1 - Shutdown initiated...
26-06-07.21:19:27.572 [SpringApplicationShutdownHook] INFO  HikariDataSource       - HikariPool-1 - Shutdown completed.
26-06-07.21:19:38.347 [main            ] INFO  Application            - Starting Application using Java 17 on jjnice with PID 38796 (D:\自学\java学习\记录系统\record-me\record-me-app\target\classes started by 24209 in D:\自学\java学习\记录系统\record-me)
26-06-07.21:19:38.350 [main            ] INFO  Application            - The following 1 profile is active: "dev"
26-06-07.21:19:39.763 [main            ] INFO  TomcatWebServer        - Tomcat initialized with port(s): 8088 (http)
26-06-07.21:19:39.776 [main            ] INFO  Http11NioProtocol      - Initializing ProtocolHandler ["http-nio-8088"]
26-06-07.21:19:39.776 [main            ] INFO  StandardService        - Starting service [Tomcat]
26-06-07.21:19:39.776 [main            ] INFO  StandardEngine         - Starting Servlet engine: [Apache Tomcat/9.0.75]
26-06-07.21:19:39.908 [main            ] INFO  [/]                    - Initializing Spring embedded WebApplicationContext
26-06-07.21:19:39.908 [main            ] INFO  ServletWebServerApplicationContext - Root WebApplicationContext: initialization completed in 1510 ms
26-06-07.21:19:41.013 [main            ] INFO  EndpointLinksResolver  - Exposing 1 endpoint(s) beneath base path '/actuator'
26-06-07.21:19:41.044 [main            ] INFO  Http11NioProtocol      - Starting ProtocolHandler ["http-nio-8088"]
26-06-07.21:19:41.066 [main            ] INFO  TomcatWebServer        - Tomcat started on port(s): 8088 (http) with context path ''
26-06-07.21:19:41.084 [main            ] INFO  Application            - Started Application in 3.324 seconds (JVM running for 3.989)
26-06-07.21:19:41.606 [RMI TCP Connection(5)-172.22.22.159] INFO  HikariDataSource       - HikariPool-1 - Starting...
26-06-07.21:19:41.623 [RMI TCP Connection(6)-172.22.22.159] INFO  [/]                    - Initializing Spring DispatcherServlet 'dispatcherServlet'
26-06-07.21:19:41.623 [RMI TCP Connection(6)-172.22.22.159] INFO  DispatcherServlet      - Initializing Servlet 'dispatcherServlet'
26-06-07.21:19:41.624 [RMI TCP Connection(6)-172.22.22.159] INFO  DispatcherServlet      - Completed initialization in 1 ms
26-06-07.21:19:42.115 [RMI TCP Connection(5)-172.22.22.159] INFO  HikariDataSource       - HikariPool-1 - Start completed.
26-06-07.21:19:45.657 [http-nio-8088-exec-1] INFO  RecordIndexController  - 查询首页信息成功 userId=1
26-06-07.21:20:50.083 [http-nio-8088-exec-3] INFO  RecordIndexController  - 查询日常状态成功 userId=5, cycleId=8, recordId=7
26-06-07.21:29:27.160 [http-nio-8088-exec-6] INFO  RecordIndexController  - 查询首页信息成功 userId=5
26-06-07.21:29:35.773 [http-nio-8088-exec-8] INFO  RecordIndexController  - 查询日常状态成功 userId=5, cycleId=8, recordId=7
26-06-07.21:32:16.340 [http-nio-8088-exec-1] INFO  RecordIndexController  - 查询日常状态成功 userId=5, cycleId=8, recordId=7
26-06-07.21:32:26.354 [http-nio-8088-exec-3] INFO  RecordIndexController  - 查询日常状态成功 userId=5, cycleId=8, recordId=7
26-06-07.21:38:35.108 [http-nio-8088-exec-5] INFO  RecordIndexController  - 查询首页信息成功 userId=5
26-06-07.21:38:39.423 [http-nio-8088-exec-6] INFO  RecordIndexController  - 查询日常状态成功 userId=5, cycleId=8, recordId=7
26-06-07.21:39:11.228 [http-nio-8088-exec-8] INFO  RecordIndexController  - 查询首页信息成功 userId=5
26-06-07.21:39:22.173 [SpringApplicationShutdownHook] INFO  HikariDataSource       - HikariPool-1 - Shutdown initiated...
26-06-07.21:39:22.196 [SpringApplicationShutdownHook] INFO  HikariDataSource       - HikariPool-1 - Shutdown completed.
26-06-07.21:39:29.584 [main            ] INFO  Application            - Starting Application using Java 17 on jjnice with PID 30616 (D:\自学\java学习\记录系统\record-me\record-me-app\target\classes started by 24209 in D:\自学\java学习\记录系统\record-me)
26-06-07.21:39:29.587 [main            ] INFO  Application            - The following 1 profile is active: "dev"
26-06-07.21:39:31.251 [main            ] INFO  TomcatWebServer        - Tomcat initialized with port(s): 8088 (http)
26-06-07.21:39:31.268 [main            ] INFO  Http11NioProtocol      - Initializing ProtocolHandler ["http-nio-8088"]
26-06-07.21:39:31.269 [main            ] INFO  StandardService        - Starting service [Tomcat]
26-06-07.21:39:31.269 [main            ] INFO  StandardEngine         - Starting Servlet engine: [Apache Tomcat/9.0.75]
26-06-07.21:39:31.888 [main            ] INFO  [/]                    - Initializing Spring embedded WebApplicationContext
26-06-07.21:39:31.889 [main            ] INFO  ServletWebServerApplicationContext - Root WebApplicationContext: initialization completed in 2235 ms
26-06-07.21:39:33.451 [main            ] INFO  EndpointLinksResolver  - Exposing 1 endpoint(s) beneath base path '/actuator'
26-06-07.21:39:33.486 [main            ] INFO  Http11NioProtocol      - Starting ProtocolHandler ["http-nio-8088"]
26-06-07.21:39:33.520 [main            ] INFO  TomcatWebServer        - Tomcat started on port(s): 8088 (http) with context path ''
26-06-07.21:39:33.537 [main            ] INFO  Application            - Started Application in 4.658 seconds (JVM running for 5.848)
26-06-07.21:39:33.840 [RMI TCP Connection(5)-172.22.22.159] INFO  [/]                    - Initializing Spring DispatcherServlet 'dispatcherServlet'
26-06-07.21:39:33.840 [RMI TCP Connection(5)-172.22.22.159] INFO  DispatcherServlet      - Initializing Servlet 'dispatcherServlet'
26-06-07.21:39:33.842 [RMI TCP Connection(5)-172.22.22.159] INFO  DispatcherServlet      - Completed initialization in 2 ms
26-06-07.21:39:33.845 [RMI TCP Connection(7)-172.22.22.159] INFO  HikariDataSource       - HikariPool-1 - Starting...
26-06-07.21:39:34.468 [RMI TCP Connection(7)-172.22.22.159] INFO  HikariDataSource       - HikariPool-1 - Start completed.
26-06-07.21:39:48.249 [http-nio-8088-exec-1] INFO  RecordIndexController  - 查询日常状态成功 userId=5, cycleId=8, recordId=7
26-06-07.21:43:09.256 [http-nio-8088-exec-3] INFO  RecordIndexController  - 查询首页信息成功 userId=5
26-06-07.21:43:09.257 [http-nio-8088-exec-6] INFO  RecordIndexController  - 查询首页信息成功 userId=5
26-06-07.21:43:10.536 [http-nio-8088-exec-7] INFO  RecordIndexController  - 查询首页信息成功 userId=5
26-06-07.21:43:12.153 [http-nio-8088-exec-8] INFO  RecordIndexController  - 查询日常状态成功 userId=5, cycleId=8, recordId=7
26-06-07.21:44:20.026 [http-nio-8088-exec-2] INFO  RecordIndexController  - 查询日常状态成功 userId=5, cycleId=8, recordId=7
26-06-07.21:45:05.005 [SpringApplicationShutdownHook] INFO  HikariDataSource       - HikariPool-1 - Shutdown initiated...
26-06-07.21:45:05.012 [SpringApplicationShutdownHook] INFO  HikariDataSource       - HikariPool-1 - Shutdown completed.
26-06-07.21:45:14.491 [main            ] INFO  Application            - Starting Application using Java 17 on jjnice with PID 39284 (D:\自学\java学习\记录系统\record-me\record-me-app\target\classes started by 24209 in D:\自学\java学习\记录系统\record-me)
26-06-07.21:45:14.494 [main            ] INFO  Application            - The following 1 profile is active: "dev"
26-06-07.21:45:15.966 [main            ] INFO  TomcatWebServer        - Tomcat initialized with port(s): 8088 (http)
26-06-07.21:45:15.976 [main            ] INFO  Http11NioProtocol      - Initializing ProtocolHandler ["http-nio-8088"]
26-06-07.21:45:15.978 [main            ] INFO  StandardService        - Starting service [Tomcat]
26-06-07.21:45:15.978 [main            ] INFO  StandardEngine         - Starting Servlet engine: [Apache Tomcat/9.0.75]
26-06-07.21:45:16.122 [main            ] INFO  [/]                    - Initializing Spring embedded WebApplicationContext
26-06-07.21:45:16.122 [main            ] INFO  ServletWebServerApplicationContext - Root WebApplicationContext: initialization completed in 1573 ms
26-06-07.21:45:17.347 [main            ] INFO  EndpointLinksResolver  - Exposing 1 endpoint(s) beneath base path '/actuator'
26-06-07.21:45:17.384 [main            ] INFO  Http11NioProtocol      - Starting ProtocolHandler ["http-nio-8088"]
26-06-07.21:45:17.410 [main            ] INFO  TomcatWebServer        - Tomcat started on port(s): 8088 (http) with context path ''
26-06-07.21:45:17.428 [main            ] INFO  Application            - Started Application in 3.612 seconds (JVM running for 4.422)
26-06-07.21:45:17.603 [http-nio-8088-exec-1] INFO  [/]                    - Initializing Spring DispatcherServlet 'dispatcherServlet'
26-06-07.21:45:17.604 [http-nio-8088-exec-1] INFO  DispatcherServlet      - Initializing Servlet 'dispatcherServlet'
26-06-07.21:45:17.606 [http-nio-8088-exec-1] INFO  DispatcherServlet      - Completed initialization in 2 ms
26-06-07.21:45:17.739 [http-nio-8088-exec-1] INFO  HikariDataSource       - HikariPool-1 - Starting...
26-06-07.21:45:18.215 [http-nio-8088-exec-1] INFO  HikariDataSource       - HikariPool-1 - Start completed.
26-06-07.21:45:18.263 [http-nio-8088-exec-1] INFO  RecordIndexController  - 查询日常状态成功 userId=5, cycleId=8, recordId=7
26-06-07.21:45:41.912 [http-nio-8088-exec-2] WARN  RecordIndexController  - 更新日常状态失败 recordId=null
26-06-07.21:46:11.475 [SpringApplicationShutdownHook] INFO  HikariDataSource       - HikariPool-1 - Shutdown initiated...
26-06-07.21:46:11.481 [SpringApplicationShutdownHook] INFO  HikariDataSource       - HikariPool-1 - Shutdown completed.
26-06-07.21:46:51.540 [main            ] INFO  Application            - Starting Application using Java 17 on jjnice with PID 34368 (D:\自学\java学习\记录系统\record-me\record-me-app\target\classes started by 24209 in D:\自学\java学习\记录系统\record-me)
26-06-07.21:46:51.545 [main            ] INFO  Application            - The following 1 profile is active: "dev"
26-06-07.21:46:53.151 [main            ] INFO  TomcatWebServer        - Tomcat initialized with port(s): 8088 (http)
26-06-07.21:46:53.164 [main            ] INFO  Http11NioProtocol      - Initializing ProtocolHandler ["http-nio-8088"]
26-06-07.21:46:53.164 [main            ] INFO  StandardService        - Starting service [Tomcat]
26-06-07.21:46:53.164 [main            ] INFO  StandardEngine         - Starting Servlet engine: [Apache Tomcat/9.0.75]
26-06-07.21:46:53.318 [main            ] INFO  [/]                    - Initializing Spring embedded WebApplicationContext
26-06-07.21:46:53.318 [main            ] INFO  ServletWebServerApplicationContext - Root WebApplicationContext: initialization completed in 1714 ms
26-06-07.21:46:54.550 [main            ] INFO  EndpointLinksResolver  - Exposing 1 endpoint(s) beneath base path '/actuator'
26-06-07.21:46:54.586 [main            ] INFO  Http11NioProtocol      - Starting ProtocolHandler ["http-nio-8088"]
26-06-07.21:46:54.610 [main            ] INFO  TomcatWebServer        - Tomcat started on port(s): 8088 (http) with context path ''
26-06-07.21:46:54.626 [main            ] INFO  Application            - Started Application in 3.792 seconds (JVM running for 4.559)
26-06-07.21:46:55.113 [RMI TCP Connection(4)-172.22.22.159] INFO  HikariDataSource       - HikariPool-1 - Starting...
26-06-07.21:46:55.189 [RMI TCP Connection(7)-172.22.22.159] INFO  [/]                    - Initializing Spring DispatcherServlet 'dispatcherServlet'
26-06-07.21:46:55.189 [RMI TCP Connection(7)-172.22.22.159] INFO  DispatcherServlet      - Initializing Servlet 'dispatcherServlet'
26-06-07.21:46:55.190 [RMI TCP Connection(7)-172.22.22.159] INFO  DispatcherServlet      - Completed initialization in 1 ms
26-06-07.21:46:55.561 [RMI TCP Connection(4)-172.22.22.159] INFO  HikariDataSource       - HikariPool-1 - Start completed.
26-06-07.21:46:59.251 [http-nio-8088-exec-1] INFO  RecordIndexController  - 查询日常状态成功 userId=5, cycleId=8, recordId=7
26-06-07.21:47:07.242 [http-nio-8088-exec-2] WARN  RecordIndexController  - 更新日常状态失败 recordId=null
26-06-07.21:47:17.552 [http-nio-8088-exec-4] INFO  RecordIndexController  - 查询日常状态成功 userId=5, cycleId=8, recordId=7
26-06-07.21:47:55.277 [SpringApplicationShutdownHook] INFO  HikariDataSource       - HikariPool-1 - Shutdown initiated...
26-06-07.21:47:55.284 [SpringApplicationShutdownHook] INFO  HikariDataSource       - HikariPool-1 - Shutdown completed.
26-06-07.21:47:59.542 [main            ] INFO  Application            - Starting Application using Java 17 on jjnice with PID 23008 (D:\自学\java学习\记录系统\record-me\record-me-app\target\classes started by 24209 in D:\自学\java学习\记录系统\record-me)
26-06-07.21:47:59.546 [main            ] INFO  Application            - The following 1 profile is active: "dev"
26-06-07.21:48:01.256 [main            ] INFO  TomcatWebServer        - Tomcat initialized with port(s): 8088 (http)
26-06-07.21:48:01.270 [main            ] INFO  Http11NioProtocol      - Initializing ProtocolHandler ["http-nio-8088"]
26-06-07.21:48:01.270 [main            ] INFO  StandardService        - Starting service [Tomcat]
26-06-07.21:48:01.270 [main            ] INFO  StandardEngine         - Starting Servlet engine: [Apache Tomcat/9.0.75]
26-06-07.21:48:01.440 [main            ] INFO  [/]                    - Initializing Spring embedded WebApplicationContext
26-06-07.21:48:01.440 [main            ] INFO  ServletWebServerApplicationContext - Root WebApplicationContext: initialization completed in 1820 ms
26-06-07.21:48:02.906 [main            ] INFO  EndpointLinksResolver  - Exposing 1 endpoint(s) beneath base path '/actuator'
26-06-07.21:48:02.946 [main            ] INFO  Http11NioProtocol      - Starting ProtocolHandler ["http-nio-8088"]
26-06-07.21:48:02.976 [main            ] INFO  TomcatWebServer        - Tomcat started on port(s): 8088 (http) with context path ''
26-06-07.21:48:02.994 [main            ] INFO  Application            - Started Application in 4.234 seconds (JVM running for 5.244)
26-06-07.21:48:03.152 [http-nio-8088-exec-1] INFO  [/]                    - Initializing Spring DispatcherServlet 'dispatcherServlet'
26-06-07.21:48:03.153 [http-nio-8088-exec-1] INFO  DispatcherServlet      - Initializing Servlet 'dispatcherServlet'
26-06-07.21:48:03.156 [http-nio-8088-exec-1] INFO  DispatcherServlet      - Completed initialization in 3 ms
26-06-07.21:48:03.223 [RMI TCP Connection(4)-172.22.22.159] INFO  HikariDataSource       - HikariPool-1 - Starting...
26-06-07.21:48:03.811 [RMI TCP Connection(4)-172.22.22.159] INFO  HikariDataSource       - HikariPool-1 - Start completed.
26-06-07.21:48:03.885 [http-nio-8088-exec-1] INFO  RecordIndexController  - 查询日常状态成功 userId=5, cycleId=8, recordId=7
26-06-07.21:48:03.893 [http-nio-8088-exec-2] INFO  RecordIndexController  - 查询日常状态成功 userId=5, cycleId=8, recordId=7
26-06-07.21:50:10.959 [HikariPool-1 housekeeper] WARN  HikariPool             - HikariPool-1 - Thread starvation or clock leap detected (housekeeper delta=2m7s42ms515µs200ns).
26-06-07.21:50:10.962 [http-nio-8088-exec-4] WARN  RecordIndexController  - 更新日常状态失败 recordId=null
26-06-07.21:50:11.032 [SpringApplicationShutdownHook] INFO  HikariDataSource       - HikariPool-1 - Shutdown initiated...
26-06-07.21:50:11.040 [SpringApplicationShutdownHook] INFO  HikariDataSource       - HikariPool-1 - Shutdown completed.
26-06-07.21:50:21.621 [main            ] INFO  Application            - Starting Application using Java 17 on jjnice with PID 22940 (D:\自学\java学习\记录系统\record-me\record-me-app\target\classes started by 24209 in D:\自学\java学习\记录系统\record-me)
26-06-07.21:50:21.624 [main            ] INFO  Application            - The following 1 profile is active: "dev"
26-06-07.21:50:23.230 [main            ] INFO  TomcatWebServer        - Tomcat initialized with port(s): 8088 (http)
26-06-07.21:50:23.243 [main            ] INFO  Http11NioProtocol      - Initializing ProtocolHandler ["http-nio-8088"]
26-06-07.21:50:23.243 [main            ] INFO  StandardService        - Starting service [Tomcat]
26-06-07.21:50:23.243 [main            ] INFO  StandardEngine         - Starting Servlet engine: [Apache Tomcat/9.0.75]
26-06-07.21:50:23.387 [main            ] INFO  [/]                    - Initializing Spring embedded WebApplicationContext
26-06-07.21:50:23.388 [main            ] INFO  ServletWebServerApplicationContext - Root WebApplicationContext: initialization completed in 1701 ms
26-06-07.21:50:24.634 [main            ] INFO  EndpointLinksResolver  - Exposing 1 endpoint(s) beneath base path '/actuator'
26-06-07.21:50:24.670 [main            ] INFO  Http11NioProtocol      - Starting ProtocolHandler ["http-nio-8088"]
26-06-07.21:50:24.698 [main            ] INFO  TomcatWebServer        - Tomcat started on port(s): 8088 (http) with context path ''
26-06-07.21:50:24.717 [main            ] INFO  Application            - Started Application in 3.823 seconds (JVM running for 4.574)
26-06-07.21:50:25.253 [RMI TCP Connection(5)-172.22.22.159] INFO  [/]                    - Initializing Spring DispatcherServlet 'dispatcherServlet'
26-06-07.21:50:25.254 [RMI TCP Connection(5)-172.22.22.159] INFO  DispatcherServlet      - Initializing Servlet 'dispatcherServlet'
26-06-07.21:50:25.257 [RMI TCP Connection(5)-172.22.22.159] INFO  DispatcherServlet      - Completed initialization in 3 ms
26-06-07.21:50:25.259 [RMI TCP Connection(3)-172.22.22.159] INFO  HikariDataSource       - HikariPool-1 - Starting...
26-06-07.21:50:25.747 [RMI TCP Connection(3)-172.22.22.159] INFO  HikariDataSource       - HikariPool-1 - Start completed.
26-06-07.21:50:33.065 [http-nio-8088-exec-1] INFO  RecordIndexController  - 查询日常状态成功 userId=5, cycleId=8, recordId=7
26-06-07.21:50:41.250 [http-nio-8088-exec-2] WARN  RecordIndexController  - 更新日常状态失败 recordId=null
26-06-07.21:51:59.146 [http-nio-8088-exec-4] WARN  RecordIndexController  - 更新日常状态失败 recordId=null
26-06-07.21:52:12.045 [SpringApplicationShutdownHook] INFO  HikariDataSource       - HikariPool-1 - Shutdown initiated...
26-06-07.21:52:12.053 [SpringApplicationShutdownHook] INFO  HikariDataSource       - HikariPool-1 - Shutdown completed.
26-06-07.21:53:27.743 [main            ] INFO  Application            - Starting Application using Java 17 on jjnice with PID 36744 (D:\自学\java学习\记录系统\record-me\record-me-app\target\classes started by 24209 in D:\自学\java学习\记录系统\record-me)
26-06-07.21:53:27.746 [main            ] INFO  Application            - The following 1 profile is active: "dev"
26-06-07.21:53:29.184 [main            ] INFO  TomcatWebServer        - Tomcat initialized with port(s): 8088 (http)
26-06-07.21:53:29.195 [main            ] INFO  Http11NioProtocol      - Initializing ProtocolHandler ["http-nio-8088"]
26-06-07.21:53:29.196 [main            ] INFO  StandardService        - Starting service [Tomcat]
26-06-07.21:53:29.196 [main            ] INFO  StandardEngine         - Starting Servlet engine: [Apache Tomcat/9.0.75]
26-06-07.21:53:29.335 [main            ] INFO  [/]                    - Initializing Spring embedded WebApplicationContext
26-06-07.21:53:29.335 [main            ] INFO  ServletWebServerApplicationContext - Root WebApplicationContext: initialization completed in 1526 ms
26-06-07.21:53:30.544 [main            ] INFO  EndpointLinksResolver  - Exposing 1 endpoint(s) beneath base path '/actuator'
26-06-07.21:53:30.577 [main            ] INFO  Http11NioProtocol      - Starting ProtocolHandler ["http-nio-8088"]
26-06-07.21:53:30.604 [main            ] INFO  TomcatWebServer        - Tomcat started on port(s): 8088 (http) with context path ''
26-06-07.21:53:30.625 [main            ] INFO  Application            - Started Application in 3.486 seconds (JVM running for 4.276)
26-06-07.21:53:30.677 [http-nio-8088-exec-1] INFO  [/]                    - Initializing Spring DispatcherServlet 'dispatcherServlet'
26-06-07.21:53:30.677 [http-nio-8088-exec-1] INFO  DispatcherServlet      - Initializing Servlet 'dispatcherServlet'
26-06-07.21:53:30.678 [http-nio-8088-exec-1] INFO  DispatcherServlet      - Completed initialization in 1 ms
26-06-07.21:53:30.814 [http-nio-8088-exec-3] INFO  HikariDataSource       - HikariPool-1 - Starting...
26-06-07.21:53:31.218 [http-nio-8088-exec-3] INFO  HikariDataSource       - HikariPool-1 - Start completed.
26-06-07.21:53:31.343 [http-nio-8088-exec-1] INFO  RecordIndexController  - 查询日常状态成功 userId=5, cycleId=8, recordId=7
26-06-07.21:53:31.343 [http-nio-8088-exec-3] INFO  RecordIndexController  - 查询日常状态成功 userId=5, cycleId=8, recordId=7
26-06-07.21:53:37.242 [http-nio-8088-exec-2] INFO  RecordIndexController  - 查询日常状态成功 userId=5, cycleId=8, recordId=7
26-06-07.21:53:42.346 [http-nio-8088-exec-4] INFO  RecordIndexController  - 更新日常状态成功 recordId=null
26-06-07.21:54:09.464 [http-nio-8088-exec-5] INFO  RecordIndexController  - 查询日常状态成功 userId=5, cycleId=8, recordId=7
26-06-07.21:54:15.104 [http-nio-8088-exec-7] INFO  RecordIndexController  - 更新日常状态成功 recordId=null
26-06-07.21:54:20.561 [http-nio-8088-exec-6] INFO  RecordIndexController  - 查询日常状态成功 userId=5, cycleId=8, recordId=7
26-06-07.21:54:35.883 [http-nio-8088-exec-9] INFO  RecordIndexController  - 查询日常状态成功 userId=5, cycleId=8, recordId=7
26-06-07.21:55:42.786 [http-nio-8088-exec-1] INFO  RecordIndexController  - 查询首页信息成功 userId=5
26-06-07.21:57:14.101 [http-nio-8088-exec-4] INFO  RecordIndexController  - 查询日常状态成功 userId=5, cycleId=8, recordId=7
26-06-07.21:57:21.293 [http-nio-8088-exec-5] INFO  RecordIndexController  - 更新日常状态成功 recordId=null
26-06-07.21:59:22.733 [http-nio-8088-exec-6] INFO  RecordIndexController  - 查询日常状态成功 userId=5, cycleId=8, recordId=7
26-06-07.22:16:10.318 [http-nio-8088-exec-9] INFO  RecordIndexController  - 查询首页信息成功 userId=5
26-06-07.23:23:28.710 [http-nio-8088-exec-2] INFO  RecordIndexController  - 查询日常状态成功 userId=5, cycleId=8, recordId=7
26-06-07.23:39:51.283 [SpringApplicationShutdownHook] INFO  HikariDataSource       - HikariPool-1 - Shutdown initiated...
26-06-07.23:39:51.295 [SpringApplicationShutdownHook] INFO  HikariDataSource       - HikariPool-1 - Shutdown completed.
